Model,Sales,Type
Toyota Corolla,1085387,ZZZ
Toyota RAV4,986385,SUV
Ford F Series,855869,Pickup Truck
Honda CR-V,682026,SUV
Toyota Camry,675857,ZZZ
Ram 1500-4000,668771,Pickup Truck
Chevrolet Silverado,591217,Pickup Truck
Honda Civic,559914,ZZZ
VW Tiguan,525772,SUV
Nissan Sylphy,507870,ZZZ
Toyota Yaris,505076,ZZZ
Tesla Model 3,495963,ZZZ
Hyundai Tucson,492143,SUV
Honda HR-V,457853,SUV
VW Lavida,430030,ZZZ
Honda Accord,419799,ZZZ
Toyota Highlander,399569,SUV
Wuling Hongguang Mini EV,390089,ZZZ
Mazda CX-5,374863,SUV
Kia Sportage,374385,SUV
Tesla Model Y,370994,SUV
Haval H6,361635,SUV
VW Polo,356851,ZZZ
Nissan Qashqai,339846,SUV
Toyota Hilux,332369,Pickup Truck
Hyundai Elantra,323430,ZZZ
Nissan Rogue,315530,SUV
Chery Tiggo,309578,SUV
VW Golf,309105,ZZZ
GMC Sierra,308677,Pickup Truck
Peugeot 206/405/Pars,302495,ZZZ
Jeep Grand Cherokee,301849,SUV
Ford Ranger,300819,Pickup Truck
Saipa Tiba,291217,ZZZ
BMW X3,288212,SUV
Hyundai Creta,286702,ZZZ
Kia Seltos,283265,SUV
VW T-Roc,279918,SUV
Ford Explorer,276680,SUV
VW T-Cross,275735,SUV
Buick Excelle,275732,ZZZ
Toyota Tacoma,272702,Pickup Truck
Mercedes GLC,271952,SUV
VW Passat,271841,ZZZ
Hyundai Kona,267602,SUV
VW Bora,265950,ZZZ
Jeep Wrangler,263678,SUV
Mercedes E Class,243104,ZZZ
VW Sagitar,242937,ZZZ
Jeep Compass,236571,SUV
Toyota C-HR,231929,SUV
Subaru Forester,231505,SUV
Audi Q3,229288,SUV
Nissan Kicks,224072,SUV
Mercedes C Class,222322,ZZZ
Audi A6,221557,ZZZ
BMW X1,220645,SUV
Hyundai Santa Fe,218749,SUV
Toyota Levin,216286,ZZZ
Kia Rio,213077,ZZZ
Ford Escape,212883,SUV
Chevrolet Equinox,211691,SUV
Mercedes A Class,205390,ZZZ
Changan CS75 Plus,202579,SUV
Mazda CX-30,200949,SUV
Kia K5,197625,ZZZ
Nissan X-Trail,197102,SUV
Subaru Outback,195511,SUV
Jeep Renegade,195322,SUV
Wuling Hongguang,193809,ZZZ
Kia Sorento,192666,SUV
Hyundai Sonata,190460,ZZZ
Honda N-BOX,188940,ZZZ
Lexus RX,186363,SUV
Volvo XC60,186143,SUV
Honda XR-V,185327,SUV
Hyundai Venue,184035,SUV
Maruti Suzuki Wagon R,183851,ZZZ
Geely Emgrand,176995,ZZZ
Maruti Suzuki Swift,175052,ZZZ
Skoda Octavia,173498,ZZZ
Citroen C3,172951,ZZZ
Mercedes GLE,172632,SUV
BMW 5 Series L,172563,ZZZ
Maruti Suzuki Baleno,172237,ZZZ
Lexus ES,171432,ZZZ
BMW 3 Series L,171203,ZZZ
Honda Fit,170858,ZZZ
Dacia Duster,170386,SUV
Volvo XC40,170300,SUV
Changan Eado,170099,ZZZ
Maruti Suzuki Alto,166233,ZZZ
Mitsubishi Outlander,164949,SUV
Nissan Sentra,164515,ZZZ
Peugeot 3008,163470,SUV
Honda Breeze,162927,SUV
VW Santana,162703,ZZZ
Nissan Teana,162264,ZZZ
BMW X5,160264,SUV
Toyota Land Cruiser,160020,SUV
Buick GL8,156819,Van
Hyundai Palisade,156370,SUV
Nissan Versa,156159,ZZZ
Opel Corsa,155367,ZZZ
Geely Boyue,154712,SUV
Toyota 4Runner,154055,SUV
Renault Clio,152037,ZZZ
Honda Pilot,151241,SUV
Subaru Crosstrek,150808,SUV
VW Magotan,150569,ZZZ
Honda Odyssey,150327,Van
Ford Transit,147285,Van
Peugeot 2008,146853,SUV
Kia Forte,146378,ZZZ
Audi A3,144460,ZZZ
Haval M6,143744,SUV
Ford Puma,143686,ZZZ
Dacia Sandero,139777,ZZZ
Fiat 500,137615,ZZZ
Mazda3,137600,ZZZ
Toyota Avalon,137350,ZZZ
VW Tharu,135107,ZZZ
Toyota Roomy,134801,ZZZ
Toyota Sienna,132293,Van
Mercedes GLB,131474,SUV
Fiat Panda,131068,ZZZ
Chevrolet Traverse,130444,SUV
Suzuki Spacia,128881,ZZZ
Changan CS55 Plus,128758,ZZZ
Hyundai Grand i10,128579,ZZZ
Chevrolet Trailblazer,128295,SUV
Ford Edge,127892,SUV
COS X5,126685,ZZZ
Kia Niro,126567,SUV
BYD Song PLUS,125882,SUV
Audi Q5L,125762,ZZZ
BYD Qin PLUS,125344,ZZZ
Suzuki Swift,125292,ZZZ
Buick Envision,125070,SUV
Hongqi HS5,125063,SUV
Roewe i5/Ei5,124592,ZZZ
Ford Bronco Sport,123457,SUV
Audi Q5,123443,SUV
Toyota Alphard,122836,ZZZ
Lada Vesta,122387,ZZZ
BMW 3 Series,121827,ZZZ
Peugeot 208,121737,ZZZ
Audi A4L,121726,ZZZ
Chevrolet Tahoe,121210,SUV
Toyota Prius,121153,ZZZ
Daihatsu Tanto,116912,ZZZ
Lexus NX,116260,SUV
Suzuki Alto,116250,Van
Maruti Suzuki DZire,116222,ZZZ
Maruti Suzuki Vitara Brezza,115962,ZZZ
Lada Granta,115760,ZZZ
Renault Captur,114749,SUV
Maruti Suzuki Eeco,114524,ZZZ
Maruti Suzuki Ertiga,114408,ZZZ
Renault Kwid,114170,ZZZ
Geely Xingrui,114100,ZZZ
Fiat Strada,113704,Pickup Truck
VW Tayron,113161,SUV
Nissan Altima,113034,ZZZ
MG ZS,109663,SUV
Hyundai i30,109407,ZZZ
BYD Han,108734,ZZZ
Tata Nexon,108577,SUV
Skoda Karoq,107943,ZZZ
Buick Regal,107685,ZZZ
BMW 1 Series,107306,ZZZ
Toyota Vios,107131,ZZZ
Toyota Raize,106360,SUV
Chevrolet Monza,105645,ZZZ
Toyota Fortuner,105002,SUV
Haval Big Dog,104669,SUV
Skoda Kamiq,104565,ZZZ
Jeep Cherokee,104506,SUV
Ford Ecosport,103612,SUV
Chrysler Pacifica,103197,Van
Toyota Wildlander,103071,SUV
Ford Focus,102749,ZZZ
Seat Arona,101611,SUV
MG 5,100352,ZZZ
Roewe RX5,100179,SUV
Saipa Quick,99717,ZZZ
Kia Telluride,98531,SUV
Chevrolet Malibu,98485,ZZZ
Nissan Navara,98466,Pickup Truck
Jeep Gladiator,98413,Pickup Truck
Kia Stonic,97820,SUV
Mercedes GLA,97044,ZZZ
Geely Binyue,96226,SUV
Daihatsu Move,95840,ZZZ
Hyundai Porter,95741,Pickup Truck
Geely Vision X3,94618,ZZZ
Kia Carnival,94004,ZZZ
Kia Soul,93120,ZZZ
Chevrolet Onix,92992,ZZZ
GMC Yukon,91679,SUV
Seat Leon,91335,ZZZ
LI One,91310,ZZZ
Renault Duster,91162,ZZZ
VW Jetta,91136,ZZZ
Mazda3 Axela,91079,ZZZ
Ford Expedition,90987,SUV
Chevrolet Colorado,90900,ZZZ
Kia Picanto,90330,ZZZ
Wuling Hongguang V,90181,ZZZ
Hyundai HB20,90178,ZZZ
Nissan Note,90178,ZZZ
Hyundai Grandeur,89084,ZZZ
Toyota Tundra,88796,Pickup Truck
Peugeot 208 II,88013,ZZZ
Suzuki WagonR,87780,ZZZ
Buick Encore GX,87733,SUV
Changan CS35 Plus,87578,SUV
Fiat Argo,87160,ZZZ
Kia Ceed,87149,ZZZ
Ford Kuga,87101,SUV
Dodge Charger,86382,ZZZ
Kia Sonet,86048,SUV
VW Atlas,85876,SUV
Volvo XC90,85367,SUV
Renault Clio V,85247,ZZZ
Cadillac XT5,84969,SUV
Nissan Roox,84748,ZZZ
Hyundai Accent,84423,ZZZ
Hyundai i20,84155,ZZZ
Changan UNI-T,83890,SUV
Mitsubishi Xpander,83882,ZZZ
Hyundai iX35,83317,SUV
Seat Ibiza,83316,ZZZ
Skoda Fabia,82633,ZZZ
Suzuki Hustler,82486,ZZZ
Toyota Rush,81870,SUV
Hongqi H5,81056,ZZZ
Nissan Frontier,80992,Pickup Truck
GAC Trumpchi GS4,80700,ZZZ
Toyota Harrier,80400,ZZZ
Honda City,80238,ZZZ
Toyota Yaris L,79466,ZZZ
Jetta VS5,79427,ZZZ
Toyota Avanza,78429,ZZZ
TANK 300,77593,SUV
Isuzu D-Max,77542,Pickup Truck
Mini,77289,ZZZ
Chevrolet Blazer,77135,SUV
Peugeot 2008 II,75477,ZZZ
Changan CS75,75400,SUV
Chery eQ1 (Little Ant),75240,ZZZ
Toyota Corolla Cross,74679,ZZZ
Dodge Durango,73897,SUV
Buick Enclave,73873,SUV
Subaru Impreza,73765,ZZZ
Dacia Sandero III,73740,ZZZ
Lynk & Co 03,73074,ZZZ
Porsche Macan,73020,SUV
Toyota Aqua,72495,ZZZ
Cadillac CT5,72343,ZZZ
Hyundai Elite i20,72292,ZZZ
Mercedes S Class,71969,ZZZ
VW Gol,71955,ZZZ
GAC NE Aion S,71837,ZZZ
Fiat Egea,71741,ZZZ
Toyota Voxy,71513,ZZZ
Changan Benben E-Star,71496,ZZZ
BMW 5 Series,71252,ZZZ
Fiat Toro,71150,Pickup Truck
Hyundai Avante,71031,ZZZ
Fiat Mobi,70220,ZZZ
Tata Altroz,69744,ZZZ
Honda Freed,69577,ZZZ
Ora R1/Black Cat,69190,ZZZ
Acura RDX,68903,SUV
BYD Song Pro,68866,SUV
VW Up!,68344,ZZZ
Toyota Venza,68238,ZZZ
Ford Mustang,68180,ZZZ
Jetour X70 PLUS,67757,SUV
Nissan Murano,66935,SUV
Ram ProMaster Van,66369,ZZZ
Genesis G80,66271,ZZZ
Mazda CX-3,66041,SUV
Chevrolet Tracker,65843,SUV
Daihatsu Mira,65803,ZZZ
VW ID.4,65551,SUV
Maruti Suzuki S-Presso,65478,ZZZ
Acura MDX,65417,SUV
Mahindra Bolero,65323,ZZZ
Porsche Cayenne,65145,SUV
Citroen C3 Aircross,65095,ZZZ
Tata Tiago,64994,ZZZ
GAC Trumpchi GM8,64598,ZZZ
Geely Vision X6,64385,ZZZ
Skoda Kodiaq,64049,ZZZ
Mercedes Sprinter,63904,ZZZ
GMC Acadia,63893,SUV
Cadillac XT4,63674,SUV
Subaru Ascent,63339,SUV
Renault Zoe,62645,ZZZ
Toyota Hiace,62617,Van
Daihatsu Taft,62278,ZZZ
Wuling Victory,62178,ZZZ
Mazda CX-9,61645,SUV
VW Lamando,61137,ZZZ
Hyundai Solaris,61061,ZZZ
Mitsubishi Eclipse Cross,60981,SUV
Suzuki Vitara,60962,SUV
Suzuki Jimny,60603,SUV
Audi A4,60405,ZZZ
Geely Binrui,60385,ZZZ
Mazda2,60171,ZZZ
Xpeng P7,60108,ZZZ
Chevrolet Spark,60053,ZZZ
Kia Bongo,59729,Pickup Truck
Nissan Sunny,59475,ZZZ
Seat Ateca,59180,SUV
Toyota Prado,59147,ZZZ
Nissan Serena,59028,Van
Toyota Sienta,58643,ZZZ
VW ID.3,58643,ZZZ
Renault Arkana,57619,SUV
BMW X2,57429,SUV
Cadillac XT6,57384,SUV
Dodge Challenger,56165,ZZZ
Honda Passport,56002,SUV
GMC Terrain,55740,SUV
Audi Q7,55710,SUV
Toyota Innova Crysta,55250,ZZZ
Toyota Aygo,55047,ZZZ
Chevrolet Onix Plus,54707,ZZZ
Nissan Tiida,54284,ZZZ
Hyundai i10,54205,ZZZ
Mini Countryman,54041,SUV
Genesis GV70,53917,SUV
Nissan Dayz,53773,ZZZ
BYD Tang,53602,SUV
Audi A5,53428,ZZZ
VW Taos,53421,SUV
Hyundai Ioniq,53351,ZZZ
Lada Niva,53327,SUV
Chevrolet Suburban,53005,SUV
Lexus UX,52815,SUV
Lynk & Co 06,52680,ZZZ
Jetta VA3,52638,ZZZ
Renault Captur II,52596,ZZZ
Iran Khodro Dena,52585,ZZZ
Fiat Ducato,52498,ZZZ
Honda Brio,52325,ZZZ
Suzuki Carry Pikap,52220,ZZZ
Buick LaCrosse,52165,ZZZ
Honda Elysion,52158,ZZZ
Iran Khodro Samand,52055,ZZZ
Honda Inspire,52047,ZZZ
Ford Fiesta,51932,ZZZ
Citroen C5 Aircross,51702,ZZZ
Fiat 500X,51525,ZZZ
Mitsubishi ASX,51138,SUV
GAZ Gazelle,50963,Van
Nissan Leaf,50746,ZZZ
Honda N-WGN,50728,ZZZ
COS X7,50558,ZZZ
Fiat Tipo,50276,ZZZ
Chevrolet Trax,50269,ZZZ
Lynk & Co 01,50261,ZZZ
Suzuki Ignis,50194,ZZZ
Renault Twingo,50022,ZZZ
Kia K3,49993,ZZZ
Lincoln Corsair,49839,SUV
Toyota Kijang Innova,49745,ZZZ
Skoda Superb,49686,ZZZ
Opel Mokka,49599,SUV
Mercedes GLS,49593,SUV
Renault Logan,49452,ZZZ
Opel Astra,49410,ZZZ
Hyundai Verna,49389,ZZZ
VW Teramont,48813,SUV
Opel Crossland,48525,SUV
Audi Q2L,48418,ZZZ
BMW 4 Series,47765,ZZZ
Mahindra XUV300,47432,ZZZ
Genesis GV80,47212,SUV
GAC Trumpchi GM6,47169,ZZZ
MG 6,47162,ZZZ
Peugeot 5008,47128,SUV
Mitsubishi Triton,47110,Pickup Truck
Nissan March,47004,ZZZ
Chery Arrizo 5/e,46912,ZZZ
Cupra Formentor,46799,SUV
Kia K8,46741,ZZZ
Mitsubishi Outlander Sport,46672,ZZZ
BYD F3,46629,ZZZ
Roewe Clever,46608,ZZZ
Neta V,46386,ZZZ
Chevrolet Express,46301,Van
Renault Sandero,46081,ZZZ
Dacia,46044,ZZZ
Wuling Rongguang,45372,Van
BMW X7,45307,SUV
Cadillac Escalade,45075,SUV
BMW 2 Series,45069,ZZZ
Renault Mégane,45061,ZZZ
Nissan Pathfinder,44976,SUV
Honda Crider,44846,ZZZ
Honda Ridgeline,44846,Pickup Truck
Suzuki Solio,44713,ZZZ
Toyota Noah,44211,ZZZ
Toyota IZOA,43866,ZZZ
Geely Xingyue L,43845,SUV
Lada Largus,43814,ZZZ
Dongfeng Fengxing T5 EVO,43775,ZZZ
Lancia Ypsilon,43735,ZZZ
Hyundai Celesta,43655,ZZZ
VW Atlas Cross Sport,43303,ZZZ
Ford Mondeo,43059,ZZZ
Mini All,42938,ZZZ
BMW X4,42376,SUV
Volvo S90,42186,ZZZ
BMW 3er,41704,ZZZ
Kia Cerato,41683,ZZZ
Skoda Rapid PA II,41680,ZZZ
Mercedes V Class,41570,ZZZ
Ora Good Cat,41420,ZZZ
NIO ES6,41127,SUV
Ford Bronco,41013,SUV
Jetta VS7,40970,ZZZ
Vauxhall Corsa,40914,ZZZ
Nissan Juke,40716,SUV
Audi A1,40551,ZZZ
Ford E Series,40460,ZZZ
Ford Escort,40386,ZZZ
Geely Haoyue,40385,SUV
Honda Amaze,39697,ZZZ
Honda Avancier,39690,SUV
Mercedes CLA,39690,ZZZ
Kia Morning,39645,ZZZ
Mini Cooper,39534,ZZZ
Leap Motor T03,39433,ZZZ
Renault Triber,39316,SUV
Audi Q2,39283,SUV
Daihatsu Gran Max Pikap,39254,ZZZ
Honda StepWGN,39247,ZZZ
Skoda Enyaq,39243,ZZZ
Land Rover Defender,39174,SUV
Mitsubishi L200,39090,ZZZ
Maruti Suzuki XL6,39002,ZZZ
Wuling Sunshine,38988,Van
Range Rover Sport,38771,ZZZ
Fiat Fiorino,38672,ZZZ
Geely Emgrand GL,38637,ZZZ
Lincoln Aviator,38459,SUV
Mitsubishi Mirage,38389,ZZZ
VW Nivus,38314,SUV
Mazda BT-50,38123,Pickup Truck
VW Transporter,38114,ZZZ
Geely Vision,37926,ZZZ
Honda Envix,37892,ZZZ
BYD Qin,37833,ZZZ
Nissan Magnite,37783,SUV
Samsung QM6,37747,ZZZ
Skoda Scala,37663,ZZZ
Hyundai Aura,37584,ZZZ
VW Saveiro,37507,ZZZ
Venucia D60,37399,ZZZ
Daihatsu Sigra,37093,ZZZ
Chevrolet Aveo,37041,ZZZ
Mahindra Scorpio,37006,ZZZ
Dongfeng Fengxing Lingzhi (Future),36740,ZZZ
VW Tacqua,36709,SUV
Dongfeng Fengshen Hyun,36602,ZZZ
Range Rover Evoque,36520,ZZZ
BYD Yuan,36436,SUV
Citroen C4,36403,ZZZ
Zamyad Z24 (Nissan Junior),36376,ZZZ
GAC Trumpchi Empow,36350,ZZZ
Chery Arrizo 5 PLUS,36293,ZZZ
Baojun RS-3,36286,SUV
Land Rover Discovery Sport,36182,SUV
Toyota Calya,36062,ZZZ
Toyota Urban Cruiser,35967,SUV
Kia Ray,35956,ZZZ
Fiat 500/500L/500X,35787,ZZZ
Chevrolet S10,35577,ZZZ
Chevrolet Corvette,35534,ZZZ
Beijing EU5,35421,ZZZ
Fiat Doblo,35188,ZZZ
GAC Trumpchi GS3,34910,ZZZ
Changan Raeton CC,34525,ZZZ
BMW 7 Series,34375,ZZZ
Baojun 510,34249,SUV
Wuling Hongguang S3,34207,ZZZ
Mitsubishi eK,34100,ZZZ
Lexus GX,33899,SUV
Mazda CX-8,33836,SUV
Kia Xceed,33717,SUV
Range Rover,33509,ZZZ
Haval F7,33465,SUV
Hongqi H9,33204,ZZZ
Changan UNI–K,33159,ZZZ
MG3,32923,ZZZ
Maruti Suzuki Celerio,32852,ZZZ
Maruti Suzuki Ignis,32735,ZZZ
Honda UR-V,32608,SUV
Toyota Passo,32542,ZZZ
VW Touran,32535,ZZZ
Dongfeng Glory 500,32338,ZZZ
Baojun 730,32332,ZZZ
Audi Q8,32282,SUV
MG Hector,32231,SUV
Daihatsu Rocky,32169,SUV
Mahindra Thar,32129,ZZZ
BYD e2,32124,ZZZ
Mitsubishi Pajero Sport,32028,SUV
Hyundai Ioniq 5,31928,SUV
Wuling Xingchen/Asta,31636,ZZZ
Ford Mustang Mach E,31493,ZZZ
GAC NE Aion Y,31381,ZZZ
Buick Encore S,31308,ZZZ
VW Vento,31266,ZZZ
Mercedes G Class,31185,SUV
Citroen C1,31180,ZZZ
Toyota Yaris Cross,31082,SUV
Renault Kadjar,31053,SUV
Audi e-tron,31024,SUV
Mitsubishi Space Star,31022,ZZZ
VW Voyage,30846,ZZZ
Haval First Love,30826,ZZZ
Peugeot 508,30801,ZZZ
Infiniti QX50,30785,SUV
Chevrolet Bolt,30670,ZZZ
VW Caddy,30453,ZZZ
Ford Transit Connect,30374,Van
Geely Emgrand GS,30333,ZZZ
BMW X6,30322,SUV
VW Virtus,30255,ZZZ
Geely Emgrand S,30227,ZZZ
Ford Transit/Tourneo Courier,30218,ZZZ
Buick Encore,30098,SUV
VW Touareg,29958,SUV
NIO EC6,29954,SUV
Sehol (SOL) E10X,29899,ZZZ
Mini Hatch,29889,ZZZ
Iran Khodro Runna,29688,ZZZ
Subaru WRX,29663,ZZZ
Subaru XV,29579,ZZZ
Jinbei X30,29543,ZZZ
Ford Territory,29506,ZZZ
Dongfeng Fengshen E70,29490,ZZZ
Toyota Allion,29412,ZZZ
Hyundai Staria,29345,ZZZ
Porsche Taycan,29181,ZZZ
Xpeng G3,29091,SUV
GMC Canyon,28992,Pickup Truck
BMW iX3,28989,ZZZ
Mercedes B Class,28979,ZZZ
Ford Everest,28887,SUV
Kia Sedona/Carnival,28741,ZZZ
Opel Grandland X,28618,ZZZ
Renault Kiger,28586,SUV
Volvo S60L,28334,ZZZ
Roewe i6/ei6 MAX,28300,ZZZ
Honda Life,28141,ZZZ
Tata Harrier,28038,SUV
Renault Megane IV,27952,ZZZ
Acura TLX,27945,ZZZ
Fiat Cronos,27887,ZZZ
Nissan Titan,27820,Pickup Truck
Porsche 911,27785,ZZZ
Skoda Rapid,27582,ZZZ
Chevrolet T Series,27311,ZZZ
Lexus IS,27265,ZZZ
Kia KX3,27191,SUV
Lynk & Co 05,26965,ZZZ
Mercedes Vito,26667,ZZZ
Lincoln Nautilus,26603,SUV
Mitsubishi L-300 Pikap,26335,ZZZ
Mazda CX-4,26334,SUV
Toyota Glanza,26326,ZZZ
Hyundai iX25,26277,ZZZ
BMW 1er,26081,ZZZ
Mazda6,25962,ZZZ
Suzuki Ertiga,25945,Van
Wuling Hongguang Plus,25877,ZZZ
SsangYong Korando Sports,25813,ZZZ
Weltmeister EX5,25696,SUV
Subaru Levorg,25624,ZZZ
Hyundai HB20S,25568,ZZZ
Baojun 530,25359,SUV
Lincoln MKC/Corsair,25292,ZZZ
Chevrolet Captiva,25144,SUV
Buick Verano,25123,ZZZ
Mazda6 Atenza,24934,ZZZ
VW Amarok,24889,ZZZ
Saipa 151,24693,ZZZ
Peugeot 108,24548,ZZZ
Peugeot 308,24543,ZZZ
Suzuki Cultus,24509,ZZZ
Dongfeng Fengshen AX7,24425,ZZZ
Subaru Legacy,24348,ZZZ
Porsche Panamera,24341,ZZZ
Renault Megane,24261,ZZZ
Haval Chitu,24237,SUV
Toyota Crown Kluger,24184,ZZZ
Hyundai Santro,24142,ZZZ
VinFast Fadil,24128,ZZZ
Buick Velite 6,24082,ZZZ
Fiat 500L,24001,ZZZ
Isuzu MU-X,23818,SUV
Cadillac CT4,23568,ZZZ
Nissan Micra,23547,ZZZ
Jetour X70,23529,SUV
Lada XRAY,23446,SUV
VW Arteon,23440,ZZZ
Nissan Armada,23417,SUV
Chevrolet Beat,23324,ZZZ
BMW 5er,23290,ZZZ
Chevrolet Camaro,23217,ZZZ
Beijing BJ40,23207,SUV
VW CC,23024,ZZZ
Range Rover Velar,22883,ZZZ
Roewe RX5 MAX,22817,ZZZ
Tata Punch,22571,SUV
Suzuki XL7,22490,ZZZ
Maxus G50,22449,ZZZ
Citroen C4 III,22358,ZZZ
JAC Refine M3,22300,ZZZ
VW ID.4 Crozz,22046,ZZZ
Citroen C4 Cactus,21880,ZZZ
VW Polo Vivo,21877,ZZZ
Volvo S/V60,21855,ZZZ
DS 7 Crossback,21787,SUV
Renault,21762,ZZZ
Nissan Patrol,21702,ZZZ
Dacia Spring,21669,ZZZ
BMW i3,21520,ZZZ
Kia Stinger,21479,ZZZ
Toyota Crown,21411,ZZZ
BYD Song,21410,ZZZ
Beijing X7,21252,SUV
Toyota Agya,21210,ZZZ
Toyota Vios FS,21207,ZZZ
Toyota Yaris Hatch,21126,ZZZ
Smart Fortwo,21124,ZZZ
Chevrolet Onix/Cavalier,21062,ZZZ
Fiat Uno,21032,ZZZ
MG HS,21027,SUV
Suzuki Baleno,20939,ZZZ
Honda N-ONE,20930,ZZZ
Lincoln Navigator,20848,SUV
Citroen Berlingo,20795,ZZZ
Honda Jazz,20755,ZZZ
Nissan NV200,20736,Van
Dongfeng Glory 580 Pro,20549,ZZZ
Maruti Suzuki S-Cross,20389,ZZZ
Ford Taurus,20356,ZZZ
VW ID.4 X,20307,ZZZ
Jetour X90,20261,SUV
Audi A8,20258,ZZZ
Baojun RC-5,20202,ZZZ
BYD Dolphin,20192,ZZZ
GMC Savana,20127,ZZZ
Ford Transit/Tourneo,20083,ZZZ
Toyota Wigo,19982,ZZZ
NIO ES8,19979,SUV
SsangYong Tivoli,19955,SUV
VW Teramont X,19769,ZZZ
Daihatsu Ayla,19660,ZZZ
Polestar 2,19608,ZZZ
Tesla Model S,19519,ZZZ
Genesis G70,19508,ZZZ
Alfa Romeo Stelvio,19473,SUV
Toyota Hiace Van,19452,ZZZ
Cadillac CT6,19429,ZZZ
Renault Kaptur,19389,SUV
Saipa Saina,19319,ZZZ
Honda Insight,19279,ZZZ
Nissan Terra,19248,SUV
BYD Song MAX,19232,ZZZ
Bestune B70,19218,ZZZ
Lincoln Nautilus (translates as Navigator),19188,ZZZ
Ora White Cat,19040,ZZZ
Daihatsu Terios,18995,SUV
Kia Forte Furuidi,18959,ZZZ
Mercedes CLA-Klasse,18949,ZZZ
Toyota Pixis,18901,ZZZ
Tata Tigor,18900,ZZZ
WEY VV6,18813,SUV
Toyota Kluger,18640,ZZZ
Saipa Shahin,18403,ZZZ
Mitsubishi Attrage,18389,ZZZ
Honda WR-V,18374,SUV
Tata Safari,18358,SUV
Bestune T77,18225,SUV
Toyota Innova,18207,ZZZ
GAC Trumpchi GS5,18158,ZZZ
GAC NE Aion V,17956,ZZZ
Volvo V60,17946,ZZZ
VW Fox/CrossFox,17933,ZZZ
Dongfeng Glory S560,17899,ZZZ
Seat Tarraco,17850,SUV
Chrysler 300,17809,ZZZ
Renault Oroch,17787,ZZZ
BMW 2er,17746,ZZZ
Hyundai Alcazar,17708,SUV
Neta U Pro,17684,ZZZ
Kia EV6,17617,SUV
Mitsubishi Pajero,17452,ZZZ
Peugeot 308 II,17436,ZZZ
Venucia Star,17364,ZZZ
Ford Mustang Mach-E,17363,SUV
Dacia Lodgy,17354,Van
Nissan Maxima,17328,ZZZ
Daihatsu Cast,17113,ZZZ
"Ford Transit, Tourneo",17101,ZZZ
Suzuki Every Wagon,17053,ZZZ
VW Viloran,16912,ZZZ
Mercedes EQC,16873,ZZZ
Haval H9,16861,SUV
Suzuki S-Presso,16734,ZZZ
Opel Insignia,16711,ZZZ
Samsung XM3,16535,ZZZ
Jaguar F-Pace,16453,SUV
Geely Borui (GC9),16365,ZZZ
Dodge Journey,16333,ZZZ
Geely Jiaji,16214,ZZZ
Kia Pegas,16057,ZZZ
Dongfeng Fengshen Hyun GS,15883,ZZZ
COS X7 Plus,15792,ZZZ
BYD Qin Pro,15771,ZZZ
Ford Maverick,15608,Pickup Truck
Isuzu TF,15571,ZZZ
Daihatsu Xenia,15555,Van
Geely Icon,15511,SUV
Roewe iMAX 8,15373,ZZZ
Fiat Siena,15355,ZZZ
Suzuki SX4 S-Cross,15259,ZZZ
Chana Raesor M60,15167,ZZZ
Ram ProMaster City,15100,ZZZ
Hyundai La Festa,15089,ZZZ
Dacia Logan,15081,ZZZ
Venucia T60,15076,SUV
Infiniti Q50,15025,ZZZ
Maruti Suzuki Ciaz,14942,ZZZ
Daihatsu Wake,14929,ZZZ
Renault Scenic,14920,ZZZ
Chevrolet Cobalt,14906,ZZZ
Volvo S60,14833,ZZZ
Opel Crossland X,14817,ZZZ
Mitsubishi Delica D5,14790,ZZZ
Daihatsu Thor,14780,ZZZ
Acura ILX,14775,ZZZ
Cowin Xuanjie,14715,ZZZ
Sehol (SOL) X8,14677,ZZZ
Audi Q3 Sportback,14491,SUV
Infiniti QX80,14464,SUV
Renault Master,14457,Van
Buick Encore Plus,14418,ZZZ
GAC Trumpchi GS8,14346,ZZZ
Citroen Jumper,14296,ZZZ
LDV T60,14190,ZZZ
Skoda Kushaq,14013,ZZZ
Mercedes Metris,13978,ZZZ
Audi Q4,13916,ZZZ
Suzuki Jimny Wagon,13903,ZZZ
Hongqi HS7,13899,SUV
Mercedes EQA,13866,ZZZ
GWM Ute,13812,ZZZ
Toyota Aygo II,13724,ZZZ
Honda Shuttle,13636,ZZZ
Chana Oshan X70A,13635,ZZZ
WEY VV5,13604,SUV
Beijing X3,13594,SUV
Land Rover Discovery,13582,SUV
Nissan Urvan,13578,ZZZ
VW Tayron X,13448,ZZZ
Haval F7x,13438,ZZZ
Mini Clubman,13322,ZZZ
Daihatsu Gran Max Minibus,13235,ZZZ
Levdeo (Letin) Mango,13197,ZZZ
Lexus LX,13108,SUV
Peugeot,13078,ZZZ
Roewe RX3,13049,SUV
Dongfeng Glory 580,13044,ZZZ
Chevrolet Spin,13005,ZZZ
Honda BR-V,12992,SUV
Dongfeng Fengshen Hyun Max,12927,ZZZ
Suzuki Ravi,12923,ZZZ
Changan CS85 Coupe,12848,ZZZ
Ford Fusion,12842,ZZZ
Hyundai,12753,ZZZ
Peugeot 408,12706,ZZZ
DS 3 Crossback,12611,SUV
BMW 3 Series GT,12573,ZZZ
Hyundai Bayon,12514,SUV
Toyota Esquire,12482,ZZZ
VW Tiguan X,12472,ZZZ
Toyota Yaris Sedan,12436,ZZZ
Audi A7,12430,ZZZ
Suzuki Xbee,12401,SUV
Isuzu Traga PHR,12392,ZZZ
Citroen C4 Spacetourer,12335,ZZZ
Toyota Yaris L Sedan,12334,ZZZ
Geometry A,12215,ZZZ
Renault Koleos,12175,SUV
Jaguar XEL,12157,ZZZ
Toyota Starlet,12103,ZZZ
Mazda 6,12053,ZZZ
Audi Q5L Sportback,12044,ZZZ
Mahindra XUV700,11964,ZZZ
VW Talagon,11960,SUV
Baojun RM-5,11952,ZZZ
Chevrolet Groove,11926,ZZZ
Sehol (SOL) A5,11885,ZZZ
Dacia Dokker,11865,Van
Alfa Romeo Giulia,11836,ZZZ
Ford Equator,11768,ZZZ
Nissan NV,11681,ZZZ
Mazda MX-5 Miata,11563,ZZZ
Porsche 718,11553,ZZZ
Peugeot Rifter,11475,ZZZ
Nissan NP200,11408,Pickup Truck
BMW 6 Series GT,11338,ZZZ
Suzuki Alivio,11163,ZZZ
SsangYong Korando,11130,SUV
Peugeot Partner,10980,Van
Hyundai Santa Cruz,10972,Pickup Truck
Renault Kangoo,10947,Van
Isuzu N Series,10916,ZZZ
Lynk & Co 02,10903,ZZZ
Kia Mohave,10869,ZZZ
Suzuki Bolan,10855,ZZZ
Exeed LX,10842,SUV
Chevrolet Nexia,10830,ZZZ
Hyundai Casper,10806,SUV
BMW 8 Series,10769,ZZZ
Exeed TXL,10699,ZZZ
Maserati Levante,10671,SUV
Dongfeng Fengxing Jingye S50,10598,ZZZ
Kia Cerato/K3,10505,ZZZ
Mazda Flair Wagon,10461,ZZZ
Wuling Confero S,10448,ZZZ
MG5,10443,ZZZ
BMW Z4,10408,ZZZ
Baojun E100,10314,ZZZ
Mitsubishi L300,10147,Van
R ER6,10119,ZZZ
Chana Honor S,10003,ZZZ
VW Phideon,9792,ZZZ
Dongfeng Fengxing T5,9743,SUV
Kia Soluto,9711,ZZZ
Dongfeng Glory 330,9702,ZZZ
Wuling Almaz,9694,SUV
VW Taigun,9689,SUV
Mazda MX-30,9670,SUV
WEY Mocha,9667,SUV
Venucia Grand V,9654,ZZZ
Mercedes GLC Coupe,9641,ZZZ
Geometry C,9595,SUV
Hyundai Ioniq5,9548,ZZZ
Mercedes CLS,9448,ZZZ
Mercedes AMG GT,9350,ZZZ
GAC Trumpchi GS4 Plus,9271,ZZZ
Wuling Journey,9257,ZZZ
Hyundai Nexo,9216,SUV
Geely Xingyue (Star),9200,ZZZ
Dodge Grand Caravan,9172,ZZZ
Mitsubishi L-200,9029,ZZZ
Renault Sandero Stepway,9007,SUV
Citroen C5 X,8932,ZZZ
Renault Trafic,8851,Van
LDV G10,8820,ZZZ
FAW Bestune B30,8809,ZZZ
Haval Jolion,8739,SUV
Lexus LS,8645,ZZZ
Jaguar E-Pace,8611,SUV
Toyota Sequoia,8597,SUV
BMW 4er,8571,ZZZ
Infiniti QX60,8530,SUV
VW ID.6 Crozz,8527,ZZZ
Mitsubishi L200 Triton,8516,ZZZ
Ford Ka,8464,ZZZ
Lexus UX250H,8263,ZZZ
Betsune T99,8191,ZZZ
Chana Oshan A600,8189,ZZZ
Toyota Supra,8185,ZZZ
GWM Haval Jolion,8138,ZZZ
Chevrolet Sail,8123,ZZZ
Peugeot 4008,8102,SUV
Dongfeng Fengxing Plus,8027,ZZZ
Citroen Jumpy,8021,ZZZ
Volvo S/V/XC60,8016,ZZZ
Chevrolet Joy,7983,ZZZ
Seres 5,7962,ZZZ
Dongfeng Xiaokang K01,7957,ZZZ
Buick GL6,7904,ZZZ
Volvo S/V90,7891,ZZZ
Bestune T33,7887,SUV
Dongfeng Fengxing T1EV,7876,ZZZ
Volvo V90,7865,ZZZ
Toyota Corolla Quest,7860,ZZZ
Mitsubishi Montero Sport,7815,ZZZ
Changan Yuexiang,7761,ZZZ
Baojun E200,7733,ZZZ
Maxus T60,7688,Pickup Truck
Bestune T55,7668,SUV
Beijing EC5,7641,ZZZ
Citroen,7618,ZZZ
Xpeng P5,7606,ZZZ
Suzuki Swift Dzire,7564,ZZZ
Citroen C3/C3 Aircross,7531,ZZZ
Lingbox Leo,7525,ZZZ
Smart Forfour,7497,ZZZ
Suzuki Carry,7476,ZZZ
Skoda Kamiq GT,7448,ZZZ
Toyota Proace,7433,Van
Baojun 310,7406,ZZZ
Volkswagen,7392,ZZZ
Maxus G10,7380,ZZZ
Peugeot Expert,7276,Van
GWM Haval H6,7270,ZZZ
Hyundai Mistra,7269,ZZZ
Jetour X70M,7260,ZZZ
Opel,7200,ZZZ
Jeep Grand Commander,7196,SUV
Hyundai Grand Starex,7192,ZZZ
Jaguar XFL,7179,ZZZ
Chevrolet Cruze Sedan,7090,ZZZ
Dongfeng Fengxing SX6,7089,ZZZ
Dodge Attitude,7046,ZZZ
COS Cosmos,6996,ZZZ
Changan Eado DT,6986,ZZZ
Seat Mii,6986,ZZZ
Genesis G90,6972,ZZZ
Toyota,6953,ZZZ
Sehol (SOL) QX,6853,ZZZ
Mercedes CLA Class,6822,ZZZ
Hongqi H7,6749,ZZZ
Fiat,6744,ZZZ
Changan CS95,6735,SUV
VW ID.6 X,6731,ZZZ
Fiat Pulse,6724,ZZZ
Nissan Patrol Wagon,6666,ZZZ
Maxus G20,6619,ZZZ
Ford Transit Custom,6606,ZZZ
Beijing EC Series,6571,ZZZ
Haima 7X,6529,ZZZ
Fiat 500 lineup,6477,ZZZ
Opel Zafira Life,6444,ZZZ
Voyah Free,6433,SUV
Ford,6385,ZZZ
VinFast Lux A2.0,6330,ZZZ
Ford Endeavour,6317,ZZZ
Suzuki SX4,6292,ZZZ
Ford Figo,6254,ZZZ
Kia K9,6205,ZZZ
Kia Optima,6121,ZZZ
VW Polo Sedan,6118,ZZZ
SsangYong Rexton,6091,SUV
VGV U70,6083,ZZZ
Baojun 360,6040,ZZZ
Mitsubishi Mirage G4,5962,ZZZ
Hongqi E-QM5,5949,ZZZ
Chevrolet Optra,5935,ZZZ
Hyundai iLoad,5900,ZZZ
BYD e3,5888,ZZZ
Iran Khodro Tara,5888,ZZZ
Geely Coolray,5883,ZZZ
COS Kosai 5,5861,ZZZ
Citroen C4/Spacetourer,5848,ZZZ
Gmc Yukon,5830,SUV
Chevrolet Cavalier,5827,ZZZ
Maserati Ghibli,5784,ZZZ
Haima S7,5737,ZZZ
Nissan V-Drive,5686,ZZZ
Haval Shenshou,5662,SUV
Changan CS15,5636,SUV
Honda Mobilio,5624,Van
JAC Refine M4,5581,ZZZ
WEY VV7,5554,SUV
Ford S-Max,5551,Van
Opel Combo,5546,Van
Zeekr 001,5546,ZZZ
Chery Arrizo 5,5541,ZZZ
Renault Talisman,5534,ZZZ
Chevrolet Orlando,5511,ZZZ
Geely Tugella,5506,ZZZ
Hyundai Custo,5501,ZZZ
Mazda MX-5,5493,ZZZ
Changan Alsvin,5482,ZZZ
Great Wall Poer,5454,ZZZ
Jeep Wagoneer,5433,SUV
BMW 320i,5428,ZZZ
Mahindra XUV500,5339,ZZZ
COS 1°,5308,ZZZ
Mini Cooper Hatch,5305,ZZZ
Mitsubishi Strada (L200),5272,ZZZ
Hyundai Reina,5250,ZZZ
Chevrolet N400 Max,5246,ZZZ
MG eHS,5236,ZZZ
Seat Alhambra,5197,ZZZ
VinFast Lux SA2.0,5180,ZZZ
Changan CS85,5161,SUV
BMW 2 Series Gran Coupe,5128,ZZZ
Mercedes AMG GLE,5123,ZZZ
Nissan Almera,5060,ZZZ
Ram 700,5051,ZZZ
Weltmeister W6,5048,SUV
Ciimo M-NV,5041,ZZZ
Beijing EU7,5012,ZZZ
Mazda Flair Crossover,4998,ZZZ
BMW Serie 3,4954,ZZZ
JAC S2,4913,SUV
Dongfeng Xiaokang EC36,4912,ZZZ
Roewe i6/ei6,4906,ZZZ
Toyota Prius C,4870,ZZZ
Skoda Citigo,4869,ZZZ
Cowin X3,4828,SUV
Infiniti QX55,4828,SUV
Chevrolet N300,4824,ZZZ
Audi e-tron GT,4793,ZZZ
Chana Star 5,4783,ZZZ
Geely Coolray (SX11),4779,ZZZ
Isuzu Traviz,4728,ZZZ
Weltmeister E.5,4723,ZZZ
Changan Eado Plus,4705,ZZZ
Maple 80V,4704,ZZZ
GAC Trumpchi GA6,4685,ZZZ
Baojun E300,4584,ZZZ
Toyota FJ Cruiser,4575,ZZZ
Hyundai Atos,4566,ZZZ
Great Wall P Series,4556,ZZZ
Lexus LM,4539,ZZZ
Toyota Levin GT,4530,ZZZ
Kia,4504,ZZZ
Audi A4 Allroad,4501,ZZZ
Mahindra Scorpio Pik Up,4473,ZZZ
Exeed VX,4469,SUV
Wuling Cortez,4423,ZZZ
Infiniti Q50L,4417,ZZZ
Lexus CT,4409,ZZZ
Denza X,4404,SUV
GAC Toyota iA5,4395,ZZZ
Ford Tourneo Custom,4389,ZZZ
Opel Grandland,4345,SUV
Renault Scénic,4339,ZZZ
MG RX8,4290,SUV
VW Bus,4281,ZZZ
Nissan Datsun Truck,4277,ZZZ
Hyundai Azera,4274,ZZZ
Mazda Flair,4268,ZZZ
Suzuki Carry Microbus,4267,ZZZ
DFSK/Dongfeng,4254,ZZZ
Daihatsu Atrai Wagon,4250,ZZZ
Lincoln Continental,4239,ZZZ
HiPhi X,4237,ZZZ
Chevrolet Silverado 1500,4228,Pickup Truck
Ford Freestyle,4228,ZZZ
Kia Proceed,4215,ZZZ
Honda S660,4204,ZZZ
Skoda,4170,ZZZ
Chery QQ Ice Cream,4160,ZZZ
Nissan NV100 Clipper Rio,4146,ZZZ
Suzuki S-Cross,4135,SUV
VW Crafter,4131,ZZZ
Citroen C6,4096,ZZZ
Suzuki Swace,4092,ZZZ
Peugeot 308 III,4088,ZZZ
BMW 6 Series,4058,ZZZ
King Long XMQ6500E,4049,ZZZ
Audi TT,4032,ZZZ
Baojun RC-6,4022,ZZZ
R Marvel R,4002,ZZZ
Lincoln MKZ,3991,ZZZ
LDV Deliver 9,3968,ZZZ
GWM Haval H2,3958,ZZZ
Honda City Sedan,3957,ZZZ
Kia KX5,3953,SUV
Hongqi E-HS9,3941,SUV
Datsun Redi-GO,3935,ZZZ
Nissan,3858,ZZZ
COS 1° Pro,3830,ZZZ
VW Sharan,3814,ZZZ
Suzuki Vitara Brezza,3809,ZZZ
Toyota Veloz,3805,ZZZ
Nissan Lannia,3799,ZZZ
Soueast DX5,3782,SUV
Qoros 7,3781,ZZZ
Ssangyong Musso XLV,3766,ZZZ
Beijing EX3,3754,ZZZ
Ssangyong Grand Musso,3724,ZZZ
Jeep Commander,3723,SUV
Changan Benben,3711,ZZZ
Dongfeng Xiaokang C31,3706,ZZZ
MG Gloster,3656,SUV
Ram ProMaster Rapid,3647,ZZZ
Hyundai Veloster,3640,ZZZ
Jaguar i-Pace,3635,SUV
Leap Motor C11,3601,ZZZ
Subaru Chiffon,3589,ZZZ
Bentley Bentayga,3571,SUV
Lexus RC,3562,ZZZ
Mitsubishi Express,3560,ZZZ
Beijing BJ80,3557,SUV
VW/MAN Express,3545,ZZZ
Mazda Carol,3509,ZZZ
VW Multivan,3509,ZZZ
Audi,3506,ZZZ
Suzuki Dzire,3474,ZZZ
Chery Arrizo 6,3469,ZZZ
Daihatsu Copen,3453,ZZZ
Nissan NP300 Navara,3445,ZZZ
Subaru Pleo,3418,ZZZ
BMW,3396,ZZZ
Citroen C5 X/Aircross,3385,ZZZ
Lexus LC,3384,ZZZ
Jaguar F-Type,3379,ZZZ
Yema Bojun (T60),3369,ZZZ
Maxus Euniq 5,3367,ZZZ
Toyota Mirai,3358,ZZZ
Nissan X Terra,3340,ZZZ
Great Wall Wingle,3327,ZZZ
Dacia Sandero II,3312,ZZZ
Hyundai HR,3298,ZZZ
Cupra Born,3282,ZZZ
Subaru BRZ,3282,ZZZ
Subaru Impreza WRX,3278,ZZZ
Acura CDX,3264,SUV
VW Up,3233,ZZZ
Suzuki APV Minibus,3231,ZZZ
Samsung SM6,3198,ZZZ
Tesla Model X,3194,SUV
Ora Good Cat GT,3167,ZZZ
Mercedes,3162,ZZZ
Toyota Prius+,3161,ZZZ
Kia K2500,3144,ZZZ
LDV D90,3132,ZZZ
Everus VE1,3127,ZZZ
MG RX5,3116,SUV
Chana Star 9,3109,ZZZ
"Mini Hatch (incl Cabrio, Clubman)",3101,ZZZ
Subaru Stella,3097,ZZZ
Renault Dokker,3092,ZZZ
Peugeot 301,3089,ZZZ
Dongfeng Fengxing T5L,3088,SUV
Infiniti Q60,3085,ZZZ
BMW iX,3069,SUV
JMEV EV3,3060,ZZZ
Bentley Continental,3049,ZZZ
Suzuki SX4 Crossover,3039,ZZZ
Suzuki Vitara/Grand Vitara,3033,ZZZ
Borgward BX5,2991,SUV
VW C-Trek,2990,ZZZ
Baojun 310W,2971,ZZZ
Lynk & Co 02 Hatchback,2948,ZZZ
Jeep Grand Wagoneer,2926,ZZZ
Hyundai Elantra Lingdong,2856,ZZZ
Honda Clarity FCV,2845,ZZZ
Fukang ES500,2840,ZZZ
Haval H2,2817,ZZZ
Suzuki Super Carry,2777,ZZZ
BMW 2 Series Tourer,2769,ZZZ
Mercedes AMG GLC,2759,ZZZ
Skoda Rapid Spaceback,2758,ZZZ
SWM X7,2753,ZZZ
Isuzu Category III,2745,ZZZ
Jetour X90 PLUS,2738,ZZZ
Chrysler Grand Caravan,2721,ZZZ
Arcfox aT,2693,ZZZ
Beijing U5 (ex-Senova D50),2669,ZZZ
JAC T8,2665,ZZZ
Kia  Sonet,2655,ZZZ
Pocco Duo Duo,2655,ZZZ
Baojun Valli,2654,ZZZ
Chevrolet NHR,2654,ZZZ
SWM G05,2637,SUV
Renault Duster Oroch,2627,Pickup Truck
JAC Refine S4,2600,ZZZ
Hyundai H100 Bakkie,2565,ZZZ
Geely Okavango,2562,ZZZ
Roewe RX8,2549,SUV
JAC Frison,2532,ZZZ
Exeed TX,2526,SUV
Porsche Boxster,2524,ZZZ
Peugeot Expert/Traveller,2517,ZZZ
Lamborghini Urus,2508,SUV
Dongfeng Mini Truck,2506,ZZZ
Haval H7,2506,ZZZ
GWM Steed,2504,ZZZ
Ford Transit/Tourneo Custom,2495,ZZZ
Skoda Kodiaq GT,2478,ZZZ
Hyundai Kauai,2455,ZZZ
Daihatsu Luxio,2451,ZZZ
Audi S4,2432,ZZZ
Baojun RS-5,2427,SUV
Aiways U5,2399,SUV
Bentley Flying Spur,2372,ZZZ
Haval H6S,2361,SUV
Geely Xingyue S,2345,ZZZ
Seat ,2340,ZZZ
JAC J7,2332,ZZZ
Geely Binray,2330,ZZZ
Citroen C3-XR,2319,ZZZ
Peugeot Boxer,2314,Van
MG ZS EV,2305,ZZZ
Sehol (SOL) E20X,2299,ZZZ
Changan Hunter,2298,ZZZ
Sehol (SOL) E50A,2294,ZZZ
GMC Yukon XL,2292,SUV
BMW 7er,2277,ZZZ
Audi e-tron Sportback,2274,SUV
Iveco Daily 35-150,2264,ZZZ
Mini Cabrio,2244,ZZZ
Suzuki Karimun Wagon R,2242,ZZZ
Geely Azkarra,2212,ZZZ
GAC Trumpchi GA4,2203,ZZZ
Chevrolet Menlo,2189,ZZZ
Chevrolet Montana,2182,Pickup Truck
Ferrari F8,2177,ZZZ
Haval F5,2148,ZZZ
MG Astor,2143,ZZZ
Arcfox aS,2134,ZZZ
Mercedes CLA-Class,2127,ZZZ
Citroen Spacetourer,2112,ZZZ
Mercedes AMG A-Class,2112,ZZZ
Alpine A110,2095,ZZZ
VW T6,2095,ZZZ
Mercedes AMG A,2090,ZZZ
BYD D1,2080,ZZZ
Foton Midi,2079,ZZZ
JAC Jiayue A5,2065,ZZZ
Hyundai I10,2062,ZZZ
Mercedes AMG GLB,2061,ZZZ
Foton TM3,2055,ZZZ
Honda E,2045,ZZZ
BYD e5,2032,ZZZ
Toyota Proace City Verso,2029,ZZZ
Mitsubishi  ,2015,ZZZ
Nissan Livina,2015,ZZZ
Lada Niva Legend,2011,ZZZ
Bestune NAT,1997,ZZZ
Daewoo Alpheon,1989,ZZZ
Cupra Leon,1969,ZZZ
Beijing X5,1942,SUV
Ssangyong Korando,1935,SUV
Ford Ka Sedan,1910,ZZZ
GAC Honda Yile,1897,ZZZ
BMW 8er,1894,ZZZ
Mercedes GLE Coupe,1873,ZZZ
Porsche Cayenne Coupe,1857,ZZZ
Isuzu F Series,1844,ZZZ
Aston Martin DBX,1836,SUV
Zedriv GC1,1821,ZZZ
Mahindra Marazzo,1816,ZZZ
Renault Sandero/Stepway,1810,ZZZ
Jeep,1801,ZZZ
Chevrolet Tornado Van,1779,ZZZ
Ford Tourneo,1772,ZZZ
Ram Van 700 City,1748,ZZZ
Changan CS55 E-rock,1738,ZZZ
Chevrolet Cruze Hatch,1733,ZZZ
Chana Star V3,1730,ZZZ
Mercedes Classe E,1730,ZZZ
Toyota Etios Sedan,1714,ZZZ
Hongqi E-HS3,1713,SUV
Ford Transit Courier,1702,ZZZ
Beijing EU Series,1683,ZZZ
BYD e6,1683,SUV
Ciimo X-NV,1671,ZZZ
Skyworth ET5,1670,ZZZ
Hyundai H1 100 Bus,1624,ZZZ
Dongfeng Glory iX5,1623,ZZZ
KYC T3,1623,ZZZ
Kia Eko Taxi,1595,ZZZ
Haima 8S,1592,SUV
Chevrolet Sonic,1581,ZZZ
Citroen C-Elysée,1580,ZZZ
Mini Cabriolet,1572,ZZZ
Jaguar XF,1570,ZZZ
Chery Arrizo GX,1545,ZZZ
Cupra Ateca,1544,ZZZ
Ssangyong Rexton,1514,SUV
Ford Aspire,1502,ZZZ
Suzuki Across,1499,SUV
Daewoo Labo,1487,ZZZ
Changan CS55,1481,SUV
Hyundai HB20S Accent,1471,ZZZ
Ford Galaxy,1467,Van
Dongfeng Fengxing M7,1466,ZZZ
Audi R8,1464,ZZZ
Changan MD201,1455,ZZZ
DS 7,1442,ZZZ
Soueast DX3,1433,SUV
WEY Macchiato,1428,SUV
Haval H4,1423,ZZZ
Porsche Cayman,1421,ZZZ
Fukang e Elysee,1404,ZZZ
Buick Excelle GX,1402,ZZZ
Dongfeng Glory E3,1401,ZZZ
Isuzu Category IV,1397,ZZZ
LDV V80,1390,ZZZ
Alfa Romeo Giulietta,1369,ZZZ
Toyota Copen GR Sport,1364,ZZZ
Dongfeng Glory E1,1362,ZZZ
Geely Atlas,1358,ZZZ
Beijing U5 Plus,1357,ZZZ
GAC NE Aion LX,1357,ZZZ
Mercedes AMG C-Class,1355,ZZZ
Dongfeng Glory iX7,1353,ZZZ
Chery Big Ant,1350,ZZZ
Toyota Coaster,1327,Van
Hino 300 Series,1326,ZZZ
JAC Sei2,1314,ZZZ
Mercedes EQS,1307,ZZZ
Mazda Scrum Wagon,1296,ZZZ
Renault Samsung Master,1290,ZZZ
Renault Espace,1286,ZZZ
MG EHS,1280,ZZZ
Great Wall GWM Cannon,1276,ZZZ
Volvo S60/V60,1270,ZZZ
Ford Focus Active,1267,ZZZ
Geometry EX3,1267,SUV
Yema Spica,1264,ZZZ
Maserati Quattroporte,1260,ZZZ
Brilliance H300,1258,ZZZ
Renault Samsung Captur,1254,ZZZ
MG MG5,1249,ZZZ
Jetour X70S,1247,ZZZ
Lada 4×4,1247,ZZZ
Lynk & Co 09,1246,ZZZ
Susuki S-Presso,1243,ZZZ
Kia KX7,1240,SUV
Enovate ME7,1237,SUV
Geometry T,1233,ZZZ
Lingbox Coco,1229,ZZZ
VW Caravelle,1229,ZZZ
Honda Integra,1226,ZZZ
Volvo,1222,ZZZ
Maxus D60,1200,SUV
MG One,1198,SUV
Genesis GV60,1190,SUV
Pocco Meimei,1189,ZZZ
Mg 6,1188,ZZZ
JAC HFC1035KN,1186,ZZZ
Lamborghini Huracan,1181,ZZZ
JAC X200,1176,ZZZ
Mercedes AMG CLA,1174,ZZZ
Mg T60,1164,ZZZ
Maxus D90,1162,SUV
Maple 30X,1160,ZZZ
Troller T4,1160,ZZZ
Toyota 86/GR86,1152,ZZZ
Iveco Daily,1147,Van
Dongfeng Fengxing X5,1144,ZZZ
Renault Logan Stepway,1127,ZZZ
Isuzu RF,1121,ZZZ
Toyota Etios Hatch,1096,ZZZ
Land Rover,1091,ZZZ
MG GT,1089,ZZZ
JMC JX Series,1087,ZZZ
VW Taigo,1087,SUV
GWM Haval H9,1086,ZZZ
Nissan Terrano,1080,SUV
Soueast A5 Yiwu,1080,ZZZ
Dongfeng Fengshen A60,1072,ZZZ
Peugeot Landtrek,1070,ZZZ
Hino 700 Series,1062,ZZZ
Jaguar XE,1057,ZZZ
Kenworth T800,1053,ZZZ
Hycan Z03,1045,SUV
Isuzu Elf,1045,ZZZ
Toyota Proace City,1039,ZZZ
Sitech DEV1,1037,ZZZ
Yudo p1,1026,ZZZ
Fiat 124 Spider,1007,ZZZ
Hyundai Grand Metro Taxi,1007,ZZZ
Wuling Formo,998,ZZZ
Beijing BJ30,997,SUV
Toyota Proace Verso,991,ZZZ
Volvo C40,989,SUV
Chana Oshan Changxing,987,ZZZ
Iveco Daily 30-130,981,ZZZ
Suzuki Ciaz,980,ZZZ
UAZ Bukhanka,979,ZZZ
Soueast DX7,969,SUV
Geely Atlas Pro,965,ZZZ
MG RX6,963,ZZZ
WEY VV7 GT,959,ZZZ
Ferrari Roma,955,ZZZ
JAC iEV6E,954,ZZZ
JMC Yusheng S350,945,ZZZ
Mercedes AMG GLA,938,ZZZ
Jetour X95,935,SUV
Chevrolet FRR,928,ZZZ
Hyundai HB20X Graviti,925,ZZZ
Buick Velite 7,923,SUV
GAZ Gazel Next Truck,919,ZZZ
Sehol (SOL) Yao,913,ZZZ
BMW 2 Series Coupe/Conv,908,ZZZ
Kia Cee’d,908,ZZZ
Renault Alaskan,908,ZZZ
Suzuki Beidouxing X5,908,ZZZ
Daihatsu Sirion,900,ZZZ
BMW 325i,898,ZZZ
UAZ Van,896,ZZZ
Foton BJ1128,895,ZZZ
Foton BJ1044,880,ZZZ
SWM G01,879,SUV
Toyota Prius Plus,874,ZZZ
Borgward BX7,851,SUV
Mercedes Sprinter 416,843,ZZZ
Cowin Xuandu,841,ZZZ
Chevrolet Chevytaxi,837,ZZZ
Rolls-Royce Cullinan,834,SUV
Ford Custom,831,ZZZ
Dayun Yuehu,828,ZZZ
Opel Astra K,825,ZZZ
Chevrolet NQR,816,ZZZ
JAC Jiayue X7,813,ZZZ
Hyundai Encino,811,ZZZ
GAC Trumpchi GA8,810,ZZZ
Geely Emgrand GE,808,ZZZ
Beijing Warrior,807,ZZZ
Man TGE,805,ZZZ
Dayun Yuanzhi M1,804,ZZZ
Lexus ES/IS/LS/RC/UX,801,ZZZ
Leap Motor S01,794,ZZZ
Toyota Vellfire,790,ZZZ
JAC iEVA50,785,ZZZ
Foton Fengjing G5,784,ZZZ
WEY Latte DHT,782,ZZZ
Renault Samsung Zoe,774,ZZZ
Beijing Jeep,766,ZZZ
Chevrolet Impala,761,ZZZ
Rivian R1T,760,Pickup Truck
Opel Vivaro,749,Van
Changan E-Pro,736,ZZZ
BMW X5M,731,ZZZ
Chevrolet Damas,730,ZZZ
Aston Martin Vantage,726,ZZZ
Audi Q4 e-tron,723,SUV
JAC S3,719,SUV
Chevrolet Equinox ,714,ZZZ
JAC HFC1120KN,711,ZZZ
JAC Sei3,711,ZZZ
Chevrolet NPR,709,ZZZ
Chery Jetour X70,706,ZZZ
Hyundai iMax,706,ZZZ
Toyota Corolla Altis,706,ZZZ
BMW 2 Series Active Tourer,700,ZZZ
SWM X2,700,ZZZ
Nissan 370Z,692,ZZZ
Toyota City,683,ZZZ
Qoros 5 SUV,681,ZZZ
Kia Sedona,679,ZZZ
Peugeot Traveller,675,ZZZ
Dongfeng Junfeng E11K,674,ZZZ
Audi S5,668,ZZZ
Land Rover Range Rover,663,SUV
Zedriv GX5,663,ZZZ
VW California,661,ZZZ
JAC Sei4,660,ZZZ
BMW M4,659,ZZZ
Ram ProMaster,659,Van
Kia Rio X,658,ZZZ
Nissan NV300,657,Van
Hyundai H1,653,ZZZ
Geely GS,647,ZZZ
Mercedes Sprinter 314,647,ZZZ
BMW M3,646,ZZZ
Sehol (SOL) E40X,644,ZZZ
Mercedes GLA-Class,639,ZZZ
Chevrolet NKR,634,ZZZ
Aston Martin DB11,632,ZZZ
Mercedes Clase GLE,627,ZZZ
Rolls Royce Cullinan,626,ZZZ
VW Cross Sport,625,ZZZ
Venucia e30,620,ZZZ
Ram V700,618,ZZZ
Mitsubishi Mirage Hatch,615,ZZZ
Mercedes Clase GLC,609,ZZZ
Hyundai HB20 Getz,607,ZZZ
Toyota GR Yaris,607,ZZZ
Cadillac Escalade ESV,603,SUV
DFSK EQ Series,602,ZZZ
Hino XZU640L,599,ZZZ
Suzuki Alto 800,595,ZZZ
JAC S5,593,ZZZ
Rolls-Royce Ghost,592,ZZZ
KAMAZ 6511,590,ZZZ
Mercedes GLC-Class,590,ZZZ
Ora iQ,589,SUV
Geely Emgrand X7,583,ZZZ
Suzuki APV,583,ZZZ
BMW 330E,579,ZZZ
Mercedes Citan,571,ZZZ
Nissan Hardbody,567,ZZZ
VW Passat Wagon,566,ZZZ
Lamborghini Coupe,563,ZZZ
JMEV EX5,562,ZZZ
Audi RS5,561,ZZZ
Toyota C+POD,561,ZZZ
Beijing EX5,559,ZZZ
Brilliance Xinri i03A,559,ZZZ
Ravon R4,557,ZZZ
SsangYong Korando C,553,ZZZ
Baojun RS-7,551,ZZZ
Neta N01,549,ZZZ
VGV U75 Plus,547,ZZZ
Effa V21,545,ZZZ
Ferrari SF90,540,ZZZ
Beijing U7,538,ZZZ
Karry K60,538,SUV
Enovate ME5,536,SUV
Brilliance Xinri i03,535,ZZZ
Subaru Liberty,534,ZZZ
Peugeot Manager,533,ZZZ
JAC Sunray,532,ZZZ
Sehol (SOL) X4,529,ZZZ
Chevrolet FVR,526,ZZZ
Toyota 86,521,ZZZ
Ford Transit/Custom,519,ZZZ
Dongfeng Junfeng EV30,518,ZZZ
BYD e1,516,ZZZ
Nissan GT-R,511,ZZZ
Iran Khodro Arisun,495,ZZZ
BMW 6er,489,ZZZ
Chana Raesor S50,488,ZZZ
Citroen e-C4,483,ZZZ
BMW X3M,482,ZZZ
UAZ Patriot,474,SUV
Kia K Series,471,ZZZ
Zamyad Padra,470,ZZZ
Mercedes EQV,468,ZZZ
Mercedes SL Class,467,ZZZ
Yudo p3,467,ZZZ
Mitsubishi Town Box,464,ZZZ
Rolls Royce Ghost,464,ZZZ
Suzuki Celerio,460,ZZZ
JAC Sei7 PRO,458,ZZZ
Wuling Rongguang V,457,ZZZ
Ferrari,456,ZZZ
Haima E1,455,ZZZ
Venucia T90,452,SUV
Porsche 911/Carrera,446,ZZZ
Ferrari 812,444,ZZZ
JAC iC5,440,ZZZ
Lotus Evora GT,436,ZZZ
Mercedes 108-314,436,ZZZ
Land Rover Range Rover Velar,434,SUV
Mercedes GLE-Class,429,ZZZ
Dongfeng Glory 560,422,ZZZ
Haval H6 Coupe,421,ZZZ
Toyota Prius V,420,ZZZ
Audi RS4,419,ZZZ
Mahindra Alturas G4,419,ZZZ
Chrysler Pacifica ,417,ZZZ
Haval F7X,417,ZZZ
Mercedes Valente,416,ZZZ
MG MG6,416,ZZZ
JAC T6,414,ZZZ
Land Rover Range Rover Sport,414,SUV
DS 9,411,ZZZ
Mercedes AMG E-Class,408,ZZZ
JAC Refine L6 Max,404,ZZZ
FAW Jilin Senia R8,400,ZZZ
Opel Zafira,398,ZZZ
Hycan 007,395,ZZZ
Ford Super Duty,394,ZZZ
Sehol (SOL) X7,394,ZZZ
Honda City Hatchback,392,ZZZ
Toyota Granvia,391,Van
BMW X4M,388,ZZZ
Cowin E5 EV,385,ZZZ
Maxus Euniq,385,ZZZ
Gmc Yukon XL,384,SUV
Opel Mokka X,381,ZZZ
Mercedes EQB,379,ZZZ
Citroen C3  ,377,ZZZ
Kia K2,370,ZZZ
VW Transporter/Caravelle,369,ZZZ
AITO M5,365,ZZZ
McLaren 720S Spider,364,ZZZ
Traum MEET3,361,ZZZ
MG Marvel R,358,SUV
Renault Symbol,358,ZZZ
JMEV Yi,356,ZZZ
BAIC X30,352,ZZZ
Audi A3 Sedan,349,ZZZ
KAMAZ 4311,344,ZZZ
Citroen SpaceTourer,341,ZZZ
Roewe Marvel X,338,ZZZ
EV YOUNG Guangxiaoxin,337,ZZZ
Changhe Freedom M50,335,ZZZ
Mahindra,335,ZZZ
MG T60,325,ZZZ
Kia Rondo,324,ZZZ
McLaren GT,321,ZZZ
Chana Oshan A800,318,ZZZ
VW T Roc,317,ZZZ
Beijing BJ90,315,SUV
DFSK iX5,312,ZZZ
Porsche,309,ZZZ
Alfa Romeo,308,ZZZ
Henrey Xiaohu FEV,307,ZZZ
Mercedes Sprinter 313/316/319/519,304,ZZZ
Renault Lodgy,303,ZZZ
Renault Samsung Twizy,298,ZZZ
Maxus Euniq 6,297,ZZZ
Ssangyong Tivoli,296,SUV
SRM X30L EV,292,ZZZ
BAIC X35,290,ZZZ
Fiat Talento,288,ZZZ
Isuzu Category V,285,ZZZ
DS,280,ZZZ
BMW M5,276,ZZZ
GAC NE GE3,270,ZZZ
MG  5,270,ZZZ
Seat Terraco,266,ZZZ
Mercedes SLC,265,ZZZ
VW Kombi,264,ZZZ
VW Passat Variant,263,ZZZ
Changan CS35,262,SUV
JMC Vigus,262,ZZZ
Qoros 3,261,ZZZ
Audi RS6,259,ZZZ
Citroen C4L,258,ZZZ
Changhe A6,255,ZZZ
Landwind Rongyao,252,SUV
Ravon R2,251,ZZZ
Kia Cadenza,249,ZZZ
Audi S6,244,ZZZ
BAIC M50S,243,ZZZ
Renault Express,240,ZZZ
Citroen C3L,239,ZZZ
Honda,235,ZZZ
Renualt Arkana,235,ZZZ
MAN TGE,232,ZZZ
Changan Eado XT,231,ZZZ
Bentley Coupe/Conv,230,ZZZ
JAC S7,230,SUV
Beijing BJ212,229,ZZZ
JAC GML X150 EV,229,ZZZ
Lotus Exige,227,ZZZ
Ferrari Portofino,226,ZZZ
McLaren 765LT,226,ZZZ
DS 3,225,ZZZ
JAC N721,225,ZZZ
Datsun GO+,221,ZZZ
Aston Martin DBS,220,ZZZ
Acura RLX,216,ZZZ
Ford Connect,216,ZZZ
Lamborghini Aventador,216,ZZZ
Effa V22,212,ZZZ
Jetour X70 Coupe,212,SUV
Opel GrandLand X,211,ZZZ
Hanteng X5,210,SUV
Mercedes A Class Sedan,209,ZZZ
Citroen C4 Aircross,208,ZZZ
McLaren GT  ,207,ZZZ
BMW X6M,205,ZZZ
Renault City K-ZE,205,ZZZ
Ford Tourneo Connect,203,ZZZ
Mg  ZS,203,ZZZ
Mini Convertible,200,ZZZ
DS 4,199,ZZZ
Ford GT,199,ZZZ
VW T Cross,198,ZZZ
Ferrari SF90/Stradale,195,ZZZ
Hyundai Kona/Encino,195,ZZZ
Modern in,194,ZZZ
Audi S7,193,ZZZ
Golden Dragon XML,192,ZZZ
Geely Vision S1,191,ZZZ
Chevrolet Labo,190,ZZZ
McLaren,190,ZZZ
Changhe EC100,189,ZZZ
PAZ 3205,189,ZZZ
Changhe Suzuki Big Dipper,187,ZZZ
Citroen C4 Picasso,186,ZZZ
Rolls-Royce Wraith,186,ZZZ
Weltmeister EX6,186,SUV
Borgward BX3,185,ZZZ
Volvo S90/V90,184,ZZZ
JAC N56,181,ZZZ
Chevrolet Niva,180,ZZZ
Jinbei Haixing A7,179,ZZZ
Kamaz 4514,178,ZZZ
Toyota Fj Cruiser,178,ZZZ
Cadillac CTS,173,ZZZ
Hyundai H-1,173,ZZZ
Audi SQ5,172,SUV
DFSK Glory 580,172,ZZZ
Chevrolet Savana,170,ZZZ
Citroen C4 SpaceTourer,168,ZZZ
JAC iEVS4,167,ZZZ
Kabe Husbil,166,ZZZ
Fiat Qubo,164,ZZZ
Baizhi Daxiong,163,ZZZ
Ferrari 812 Superfast,163,ZZZ
Geely Geometry C,163,ZZZ
Aston Martin V8,160,ZZZ
Hyundai H350,160,ZZZ
Kia Pro Cee’d,160,ZZZ
JAC iEV7S,158,ZZZ
Great Wall C30,157,ZZZ
JAC iEV5,157,ZZZ
Aston Martin Coupe/Conv,156,ZZZ
Ford Mustang (incl. Mach E),156,ZZZ
JAC Refine M5,156,ZZZ
Kia ProCeed,156,ZZZ
Kia K4 Cachet,155,ZZZ
BMW 745LE,154,ZZZ
Ferrari 488,154,ZZZ
Neta U,154,SUV
Hanteng X7,152,SUV
Rolls Royce Dawn,152,ZZZ
Beijing EU5 Plus,151,ZZZ
GAC GE3,151,ZZZ
Nissan Xterra,151,ZZZ
Dongfeng Rich 6,149,ZZZ
Lotus Elise,149,ZZZ
Acura NSX,147,ZZZ
BMW M235i,147,ZZZ
Fiat 500E,146,ZZZ
Dongfeng Gelora,143,ZZZ
Ford Tourneo Courier,143,ZZZ
Smart Fortfour,143,ZZZ
Bentley Continental GT,142,ZZZ
Seres 3,142,ZZZ
Mercedes CLA250,141,ZZZ
Datsun GO,140,ZZZ
Bestune E01,138,SUV
Foton Aumark 1039,138,ZZZ
Lamborghini Coupe/Conv,138,ZZZ
Haima Aishang EV,137,ZZZ
Haval  Jolion,136,ZZZ
Levdeo (Letin) i3,136,ZZZ
Mercedes S class,134,ZZZ
Yutong ZK Series,131,ZZZ
Rolls-Royce Phantom,129,ZZZ
Kia K2700,128,ZZZ
JAC S4,127,SUV
Lexus,127,ZZZ
Suzuki Jimny Sierra,127,ZZZ
Alfa Romeo 4C,126,ZZZ
Jaguar,125,ZZZ
KAMAZ 6520,125,ZZZ
BMW M135i,124,ZZZ
BYD T3,124,ZZZ
Ford Tourneo/Transit Custom,122,ZZZ
Hino 300,122,ZZZ
PAZ 3204,120,ZZZ
Saipa Ario (Zotye Z300),120,ZZZ
VW Golf Sportsvan,120,ZZZ
Hyundai Genesis,119,ZZZ
Lexus UX EV,114,ZZZ
Opel Movano,114,ZZZ
Toyota Proace/Verso,114,ZZZ
Subaru Evoltis,113,ZZZ
Audi RS7,112,ZZZ
Hyundai EX8,112,ZZZ
Maserati Coupe/Conv,112,ZZZ
Ford F-150,111,Pickup Truck
Maxus Euniq5,107,ZZZ
JAC Sei4 Pro,105,ZZZ
Karma Revero,105,ZZZ
UAZ Hunter (3151),105,ZZZ
Lucid Air,103,ZZZ
Suda SA01,102,ZZZ
Hyundai HD Series,101,ZZZ
JAC N80,101,ZZZ
Mahindra KUV100,101,ZZZ
Nissan NP300,101,ZZZ
Polestar 1,100,ZZZ
FAW Besturn X80,99,ZZZ
Hengrun HRS1,99,ZZZ
Chana Kaicene Ruixing ES30 EV,97,ZZZ
JAC JS2,97,ZZZ
Mercedes CL class,97,ZZZ
Opel Ampera/e,97,ZZZ
Audi S3,96,ZZZ
Peugeot Expert Traveller,95,ZZZ
Audi RS Q8,93,SUV
Chevrolet Corvette/Camaro,93,ZZZ
McLaren 720S,93,ZZZ
Rolls Royce Wrath,92,ZZZ
MG Marvel,91,ZZZ
Mercedes X Class,89,ZZZ
Rolls Royce Phantom,89,ZZZ
Rolls-Royce Dawn,87,ZZZ
Zotye TS5,87,ZZZ
Dacia Logan MCV,85,ZZZ
Kia K900,85,ZZZ
VinFast VF e34,85,SUV
BMW I4,82,ZZZ
KAMAZ 4325,82,ZZZ
FAW Trucks,80,ZZZ
Cowin E3,78,ZZZ
Lexus GS,78,ZZZ
Audi RSQ3,76,ZZZ
KAMAZ 53605,76,ZZZ
Mazda MX5,76,ZZZ
Tata Xenon,76,Pickup Truck
Audi S8,74,ZZZ
Ford Focus Combi,73,ZZZ
Hyundai EX9,73,ZZZ
Shacman SX Series,73,ZZZ
DFSK Seres 3,71,ZZZ
Iveco Eurocargo,71,ZZZ
Dodge Neon,70,ZZZ
Dorcen G60S,70,SUV
DS7 Crossback,70,ZZZ
GAC Trumpchi GS7,70,ZZZ
Subaru Legacy/Outback,70,ZZZ
Ravon Nexia R3,69,ZZZ
Dongfeng Fengshen AX4,68,ZZZ
Karry K50,68,ZZZ
Scania P/G/R Series,67,ZZZ
FQT Motor EX80,66,ZZZ
JAC N944,66,ZZZ
Zotye E200,66,ZZZ
BAIC BJ40,65,ZZZ
Yinlong Effie,65,ZZZ
JAC E10X,64,ZZZ
JAC J4,64,ZZZ
Tata Ace,64,Pickup Truck
UAZ Cargo,64,ZZZ
Bentley Mulsanne,63,ZZZ
BMW i8,63,ZZZ
Aston Martin V8 Vantage,62,ZZZ
JAC X350,62,ZZZ
Morgan 4/4,62,ZZZ
Mercedes A class,61,ZZZ
Zedriv GC2,61,ZZZ
Beijing BJ20,59,ZZZ
Abarth,58,ZZZ
Chery Arrizo 7,58,ZZZ
BAIC X65,57,ZZZ
Suzuki,57,ZZZ
Bentley Sedan,56,ZZZ
Hunkt Canticie,56,ZZZ
Dong Feng BWC6665GA5,55,ZZZ
BMW M8,54,ZZZ
BMW i,53,ZZZ
Leopaard CS9,53,SUV
JAC N120,51,ZZZ
Maserati GranTurismo,51,ZZZ
Porsche 718 Boxster,51,ZZZ
JAC Sei7,50,ZZZ
Ssangyong XLV,50,SUV
Subaru Impreza/WRX,50,ZZZ
Opel Combo Life,49,ZZZ
Ravon R3,49,ZZZ
BYD S2,48,ZZZ
FAW Besturn B30,48,ZZZ
Porsche 718 Cayman,48,ZZZ
Dongfeng M-NV,47,ZZZ
Karma GS-6,47,ZZZ
Lotus Evora,47,ZZZ
Citroen Space Tourer,46,ZZZ
Fiat Abarth 500,46,ZZZ
Ford Endura,46,ZZZ
JAC Sei1,45,ZZZ
Chevrolet Tornado,44,ZZZ
Citroen E-C4,44,ZZZ
Beijing EX Series,43,ZZZ
BMW 8 series,43,ZZZ
Hyundai EX6,43,ZZZ
Leopaard Mattu,43,SUV
BAIC D20,42,ZZZ
Alpina B3 Biturbo,41,ZZZ
Mercedes E class,41,ZZZ
Mercedes GLS-Class,41,ZZZ
Opel Zafira Tourer,41,ZZZ
Saleen Maimai,41,ZZZ
Ural 4320,41,ZZZ
Citroen Jumpy/Spacetourer,40,ZZZ
Ferrari SF90 Stradale,40,ZZZ
Isuzu NPR,40,ZZZ
Dongfeng Fengxing Jingye X5,39,ZZZ
MAN TG,39,ZZZ
VW Combi,39,ZZZ
BAIC X25,38,ZZZ
Ferrari Monza,37,ZZZ
JMEV E180,37,ZZZ
Maxus EV80,37,ZZZ
Renault Twizy,37,ZZZ
Skywell D07,37,ZZZ
Beijing Senova D70,36,ZZZ
McLaren 620R,36,ZZZ
Mercedes G class,36,SUV
Changan Benben mini,35,ZZZ
Ferrari GTC4,35,ZZZ
Jaguar E-pace,35,SUV
Lamborghini,35,ZZZ
Isuzu NMR,34,ZZZ
KAMAZ 5490,34,ZZZ
Beijing Senova X35,33,ZZZ
Ferrari 488 GTB,33,ZZZ
Ford Tourneo/Transit Connect,33,ZZZ
JAC X250,33,ZZZ
Maserati MC20,33,ZZZ
Roewe 350,33,ZZZ
Citroen C3 Aircoss,32,ZZZ
JAC N35,32,ZZZ
Rolls-Royce Coupe/Conv,32,ZZZ
Subaru BR-Z,32,ZZZ
Abarth 500,31,ZZZ
Suda SD01,31,ZZZ
Dorcen G60,30,SUV
BMW 2 Series Active/Gran Tourer,29,ZZZ
BAIC BJ40L,28,ZZZ
Chery QQ,28,ZZZ
FAW Bestune X40,28,ZZZ
Ford Courier,28,ZZZ
Jaguar XJ,28,ZZZ
Jinbei F50,28,ZZZ
McLaren 600LT,28,ZZZ
McLaren 600LT Spider,28,ZZZ
Chevrolet Cruze,27,ZZZ
Infiniti Q70,27,ZZZ
Kia KX Cross,27,ZZZ
Levdeo (Letin) i9,27,ZZZ
BMW i4,26,ZZZ
Dongfeng Fengxing F600,26,ZZZ
Isuzu BTF,26,ZZZ
BAIC BJ20,25,ZZZ
Great Wall Steed 6,25,ZZZ
Man Trucks,25,ZZZ
Mercedes Actros,25,ZZZ
Mercedes SL-Class,25,ZZZ
UAZ all models,25,ZZZ
Isuzu Turquoise,24,ZZZ
Rolls-Royce Sedan,24,ZZZ
Brilliance V3,23,SUV
Citroen Jumpy Spacetourer,23,ZZZ
Dongfeng X-NV,23,ZZZ
Hyundai QV,23,ZZZ
Mahindra e-Verito,23,ZZZ
Morgan Plus 4,23,ZZZ
PAZ 4234,23,ZZZ
Roewe W5,23,ZZZ
Hyundai Starex,22,ZZZ
MAZ 6501C9,22,ZZZ
Toyota Prius +,22,ZZZ
Zhidou D2,22,ZZZ
BYD F5 Surui,21,ZZZ
Cadillac SRX,21,ZZZ
Great Wall Steed 7,21,ZZZ
Infiniti Q30,21,ZZZ
Venucia T70,21,SUV
Yema T70,21,ZZZ
Alpina B5 Biturbo,20,ZZZ
Cowin C3,20,ZZZ
Great Wall Wingle 7,20,ZZZ
Liaz 52965,20,ZZZ
Mercedes C class,20,ZZZ
Toyota COMS,20,ZZZ
Zotye SR7,20,SUV
Audi Q4 e-tron Sportback,19,SUV
Lincoln MKC,19,ZZZ
Zotye T300,19,ZZZ
Dongfeng Fengshen AX5,18,ZZZ
Kia Grand Sedona,18,ZZZ
Maxus ERELIV,18,ZZZ
McLaren 765 LT,18,ZZZ
Mercedes B class,18,ZZZ
Zotye SR9,18,ZZZ
Beijing Da Mao (Big cat),17,ZZZ
Bentley Continental Flying Spur,17,ZZZ
Changhe Q7,17,ZZZ
Daewoo BS 090/120,17,ZZZ
Maxus Deliver 9,17,ZZZ
Nissan NV400,17,Van
Cupra Tarraco,16,ZZZ
Jeep Patriot,16,ZZZ
Mercedes CLS-Class,16,ZZZ
MG GS,16,ZZZ
Chrysler 200,15,ZZZ
Huasong 7,15,ZZZ
Lindebjerg S1,15,ZZZ
Man TGS,15,ZZZ
Mini Coupe,15,ZZZ
Opel Ampera-e,15,ZZZ
Toyota GT86,15,ZZZ
Zotye Domy X7,15,ZZZ
Zotye T700,15,ZZZ
Alpina XD3 Biturbo,14,ZZZ
Aston Martin DBS Superleggera,14,ZZZ
BYD G6,14,ZZZ
Cowin X5,14,ZZZ
GAZ 3309,14,ZZZ
Geely King Kong Cross,14,ZZZ
JAC iev,14,ZZZ
Jaguar E Pace,14,ZZZ
Polaris Ranger,14,ZZZ
Beijing Senova X55,13,ZZZ
Bugatti Chiron,13,ZZZ
Citroen C-Zero,13,ZZZ
Dongfeng EX1,13,ZZZ
Hanteng E+,13,ZZZ
MG 5 ,13,ZZZ
Mitsubishi i-MiEV,13,ZZZ
BAIC EU5,12,ZZZ
Brilliance V7,12,SUV
DR 5,12,SUV
DR 6,12,ZZZ
DR F35,12,SUV
Haima S5,12,SUV
Lark Q1,12,ZZZ
MAZ 551626,12,ZZZ
Mercedes SL,12,ZZZ
Toyota Tarago,12,ZZZ
UAZ Patriot Pickup,12,ZZZ
Volvo V40,12,ZZZ
Alpina XB7,11,SUV
Bach YM2000DP,11,ZZZ
Busconcept Sprinter,11,ZZZ
DFSK K Series,11,ZZZ
Ferrari F8 Tributo,11,ZZZ
Ferrari GTC4 Lusso,11,ZZZ
Hyundai H-100 Plkap,11,ZZZ
Kia Grand Carnival,11,ZZZ
MAN TGL,11,ZZZ
Maserati,11,ZZZ
Morgan Plus 6,11,ZZZ
Nilsson Hearse,11,ZZZ
BMW Aut,10,ZZZ
BYD F3DM,10,ZZZ
CF Moto CForce 1000,10,ZZZ
Dodge Dart,10,ZZZ
Hyundai TQ-1/H-1,10,ZZZ
Seat Toledo,10,ZZZ
Ural 4681,10,ZZZ
BYD F0,9,ZZZ
Changan Eado ET,9,ZZZ
Dongfeng Fengshen EX1,9,ZZZ
Eagle EL-GOLFBIL,9,ZZZ
Haima M5 (Family),9,ZZZ
KAMAZ 53504,9,ZZZ
Mitsubishi Outlander PHEV,9,SUV
Skywell ET5,9,ZZZ
Sprintcar Sprinter,9,ZZZ
Zotye T500,9,ZZZ
Zotye T600 Coupe,9,ZZZ
Alpina D3 Biturbo,8,ZZZ
Alpina XD4 Biturbo,8,ZZZ
Audi RSQ8,8,ZZZ
Baojun 560,8,ZZZ
Caterham Seven,8,ZZZ
COS Kosai 3,8,ZZZ
Fiat 500C,8,ZZZ
Hino 500,8,ZZZ
Honda Jazz/Fit,8,ZZZ
JAC E-S2,8,ZZZ
JAC Refine S7,8,ZZZ
KAMAZ 43502,8,ZZZ
Luxgen U5 SUV,8,ZZZ
Maxus Euniq 7,8,ZZZ
McLaren Coupe,8,ZZZ
McLaren Senna,8,ZZZ
Mercedes G Wagon/CC,8,ZZZ
Morgan Plus-4,8,ZZZ
Nissan GTR,8,ZZZ
Nissan Primastar,8,Van
UAZ Patriot LCV (1288),8,ZZZ
Zotye Z700,8,ZZZ
Cadillac XTS,7,ZZZ
Fiat Palio,7,ZZZ
Jaguar I-Pace,7,SUV
Luxgen URX,7,SUV
Man TGL,7,ZZZ
McLaren 570S,7,ZZZ
Morgan,7,ZZZ
Nefaz 5299,7,ZZZ
Nissan Quest,7,Van
VW Beetle,7,ZZZ
Aston Martin Rapide AMR,6,ZZZ
Audi SQ8,6,SUV
Beijing EV Series,6,ZZZ
Beijing Senova X25,6,ZZZ
Can-Am Outlander,6,ZZZ
Changan CX30,6,ZZZ
Chery eQ5,6,SUV
COS Neo II,6,ZZZ
DR 4,6,ZZZ
DR EVO4,6,ZZZ
DR EVO5,6,ZZZ
FAW Bestune B50,6,ZZZ
Ferrari 812 GTS,6,ZZZ
Fisker Karma Revero,6,ZZZ
Haima 6P,6,ZZZ
Haval GWM Poer,6,ZZZ
Haval H5,6,ZZZ
JAC Refine S3,6,ZZZ
Link Tour E Series,6,ZZZ
Mercedes AMG GT R,6,ZZZ
Mercedes AMG GT/GTR/GTS,6,ZZZ
Mini Hatch/Cabrio,6,ZZZ
Morgan Aero,6,ZZZ
Morgan Plus Four,6,ZZZ
Nissan e NV 200,6,ZZZ
Porsche 718 Spyder,6,ZZZ
Scania S Series,6,ZZZ
SWM G01F,6,ZZZ
Toyota Verso,6,ZZZ
Yema EC60,6,ZZZ
Alpina 3,5,ZZZ
Alpina D5 Biturbo,5,ZZZ
ARO,5,ZZZ
Aston Martin Vanquish,5,ZZZ
Audi SQ7,5,SUV
Bach Tria,5,ZZZ
BYD S7,5,ZZZ
Chana CX70,5,SUV
Dongfeng Zhengzhou Shuai,5,ZZZ
Ford Transit Tourneo,5,ZZZ
GAZ 3308,5,ZZZ
Hyundai H1/H100,5,ZZZ
Infiniti QX30,5,ZZZ
JMEV E200L,5,ZZZ
Lincoln MKX,5,ZZZ
Luxgen 6 SUV,5,ZZZ
Mercedes E-Vito,5,ZZZ
Mercedes eVito,5,ZZZ
Morgan Plus-6,5,ZZZ
Opel combo,5,Van
Xingyun Utv,5,ZZZ
XPENG G3,5,SUV
Aeon Cobra,4,ZZZ
Alpina XD3,4,SUV
Brilliance H530,4,ZZZ
Bygg Bil Westfield,4,ZZZ
Byvin E3,4,ZZZ
Chrysler Town & Country,4,Van
Dodge Viper,4,ZZZ
Ferrari 488 Spider,4,ZZZ
Ferrari F8 Spider,4,ZZZ
GAC Aion S,4,ZZZ
Green Tour HS-EV4,4,ZZZ
Haval H8,4,ZZZ
Hino 650,4,ZZZ
Hino 720,4,ZZZ
Honda Jade,4,ZZZ
Hyundai i800,4,ZZZ
Hyundai Universe,4,ZZZ
Iveco Trucks,4,ZZZ
KAMAZ 65206,4,ZZZ
KAMAZ 6580,4,ZZZ
LEVC TX,4,ZZZ
Lite,4,ZZZ
Mazda3 Xingcheng,4,ZZZ
McLaren 570S Spider,4,ZZZ
McLaren 600 LT,4,ZZZ
Mercedes AMG S-Class,4,ZZZ
Morgan Plus,4,ZZZ
Nilsson XC90 Ambulanse,4,ZZZ
Porsche 911 Carrera,4,ZZZ
Renault Trucks,4,ZZZ
Ural 3255,4,ZZZ
Yema T80,4,ZZZ
Audi RS e-tron GT,3,ZZZ
Beijing Hyosow S3L,3,ZZZ
Bentley Unidentified,3,ZZZ
Buick Velite 5,3,ZZZ
Changan CS55 E-Rock,3,ZZZ
Citroen DS3,3,ZZZ
Dongfeng Fengxing Jingye X6,3,ZZZ
Dongfeng Yufeng S16,3,ZZZ
Dorcen G70S,3,SUV
FAW Besturn X40,3,ZZZ
Ford C-Max,3,Van
Ford Hearse,3,ZZZ
Foton Sauvana,3,SUV
FQT Motor EX7,3,ZZZ
Geely King Kong Sedan,3,ZZZ
Haval GWM Wingle 7,3,ZZZ
Honda NSX,3,ZZZ
Isuzu AUV,3,ZZZ
Jac IEV7S,3,ZZZ
JAC Refine S2,3,ZZZ
Leopaard CS10,3,SUV
Levdeo (Letin) i5,3,ZZZ
Linhai Lh50du,3,ZZZ
Luxgen 7 MPV,3,ZZZ
McLaren Speedtail,3,ZZZ
Mercedes Atego,3,ZZZ
Mercedes eVito Tourer,3,ZZZ
Reo UTV,3,ZZZ
Roewe 360,3,ZZZ
Sinogold GM3,3,ZZZ
Smart ForFour,3,ZZZ
Yema EC30,3,ZZZ
Zhi Dou D2 EV,3,ZZZ
Zotye Domy X5,3,ZZZ
Alpina 5,2,ZZZ
Alpina 7,2,ZZZ
Alpina B8,2,ZZZ
Asrton Martin DBS,2,ZZZ
Audi SQ2,2,SUV
Baojun 630,2,ZZZ
BAW Warrior,2,ZZZ
Beijing Xiao Mao,2,ZZZ
BMW Alpina B3,2,ZZZ
Bugatti Divo,2,ZZZ
Busconcept Transit,2,ZZZ
Bygg Bil Factory Five,2,ZZZ
Can-Am Spyder,2,ZZZ
Changan Yuexiang V3,2,ZZZ
Chery eQ,2,ZZZ
Chery Karry K60,2,ZZZ
Chrysler Grand Voyager,2,ZZZ
Citroen C5,2,ZZZ
Citroen Dispatch,2,ZZZ
Citroen DS4,2,ZZZ
DFSK 508,2,ZZZ
Dongfeng E1,2,ZZZ
Dongfeng Fengxing CM7,2,ZZZ
Dongfeng Jungfeng E17,2,ZZZ
Dongfeng T5,2,ZZZ
Donkervoort GTO-JD70,2,ZZZ
DR EVO6,2,ZZZ
DS 5,2,ZZZ
Ford F-350,2,Pickup Truck
Ford unidentified,2,ZZZ
Garia D22,2,ZZZ
Garia Monaco 2+2,2,ZZZ
Geely Vision X1,2,ZZZ
Haima M3,2,ZZZ
Haima V70,2,ZZZ
Hanteng V7,2,ZZZ
Hawtai Santa Fe (Shengdafei),2,ZZZ
Honda Gienia,2,ZZZ
Honda Greiz,2,ZZZ
Hongqi L9,2,ZZZ
Hyunadai Lafesta,2,ZZZ
Hyundai Celesta RV,2,ZZZ
Hyundai Verna RV,2,ZZZ
Isuzu Novo,2,ZZZ
Isuzu NQR,2,ZZZ
Italcar C2C,2,ZZZ
Jiangnan Coupa,2,ZZZ
Jiayuan Eidola,2,ZZZ
KAMAZ 5325,2,ZZZ
KAMAZ 65225,2,ZZZ
LEVC VN5,2,ZZZ
Maserati GranCabrio,2,ZZZ
Maserati Quatttroporte,2,ZZZ
MAZ 6501C5,2,ZZZ
Mazda CX-7,2,ZZZ
McLaren 620,2,ZZZ
McLaren Elva,2,ZZZ
Mercedes M Class,2,ZZZ
Min’an MX-6,2,ZZZ
Mini One,2,ZZZ
Nevs 9-3,2,ZZZ
Nissan Ariya,2,SUV
PAXSTER L,2,ZZZ
Peugeot 207,2,ZZZ
Piaggio Calessino,2,ZZZ
Qiantu K50,2,ZZZ
Renaut Arkana,2,ZZZ
Skoda Yeti,2,ZZZ
SMC 850,2,ZZZ
Ural 5557,2,ZZZ
VM Competicion T4,2,ZZZ
Alpina 8,1,ZZZ
Alpina B5,1,ZZZ
Amatør Bil 356 Speedster,1,ZZZ
Amatør Bil AC Cobra,1,ZZZ
Amatør Bil BMC,1,ZZZ
Amatør Bil HIE 44,1,ZZZ
Amatør Bil Katten,1,ZZZ
Amatør Bil Nostalgi-Racer,1,ZZZ
Amatør Bil Westfield,1,ZZZ
Aston Martin Rapide,1,ZZZ
Aston Martin Speedster,1,ZZZ
Aston Martin Unidentified,1,ZZZ
Audi RS3,1,ZZZ
Audi TTRS,1,ZZZ
Baojun 610,1,ZZZ
Beijing Hyosow H2,1,ZZZ
Beijing Hyosow S3,1,ZZZ
Beijing Weiwang M50F,1,ZZZ
Bentley Continental GT Speed,1,ZZZ
Bisu T5,1,SUV
BMW M2,1,ZZZ
Brilliance V6,1,SUV
Bygg bill Formosa 120GR,1,ZZZ
Cadillac ATS-L,1,ZZZ
Caterham,1,ZZZ
Cf Moto Zforce 1000 Sport,1,ZZZ
Changan Auchan X7,1,ZZZ
Changan Raeton,1,ZZZ
Changan Yuexiang V7,1,ZZZ
Changhe Q35,1,ZZZ
Chevrolet Caprice,1,ZZZ
Chevrolet Various,1,ZZZ
Citroen Ami,1,ZZZ
Citroen C4 Picasso/Spacetourer,1,ZZZ
Cuby Sprinter,1,ZZZ
Dodge Vision,1,ZZZ
Dongfeng Fengdu MX5,1,ZZZ
Dongfeng Fengxing S500,1,ZZZ
Dongfeng Junfeng ER30,1,ZZZ
Dongfeng M5,1,ZZZ
Dongfeng Rich,1,Pickup Truck
Dongfeng S50EV,1,ZZZ
DS 4S,1,ZZZ
DS 5LS,1,ZZZ
DS 6,1,ZZZ
Era Replica Ac Cobra Roadster,1,ZZZ
FAW Bestune X80,1,ZZZ
FAW Jilin Senia R7,1,ZZZ
Fiat Abarth,1,ZZZ
Fiat Spider 124,1,ZZZ
Ford Trucks,1,ZZZ
GAC Aion V,1,ZZZ
Garia G21,1,ZZZ
Geely EC8,1,ZZZ
Geely Emgrand GX9 Pride,1,ZZZ
GMC,1,ZZZ
GMC Hummer EV Pickup,1,ZZZ
Goes Iron,1,ZZZ
Great Wall Voleex C10,1,ZZZ
Haima F5,1,ZZZ
Haval Dargo,1,ZZZ
Hino 700,1,ZZZ
Honda Everus VE1,1,ZZZ
Honda Legend,1,ZZZ
Honda Vamos,1,Van
Hongqi L5,1,ZZZ
Horki 300E,1,ZZZ
Hozon Auto Neta U,1,ZZZ
Hyundai Getz,1,ZZZ
Hyundai H 350,1,ZZZ
Isuzu FVR,1,ZZZ
Italcar L4s,1,ZZZ
JAC Refine M6,1,ZZZ
Jac T6,1,ZZZ
Jinbei Viewpoint,1,ZZZ
Jinma J2,1,ZZZ
JMEV E100B,1,ZZZ
JMEV E160,1,ZZZ
KAMAZ 63502,1,ZZZ
KAMAZ ACA,1,ZZZ
KAMAZ АШ-7,1,ZZZ
Kewet El-jet,1,ZZZ
Khazar LX,1,ZZZ
Khazar SD,1,ZZZ
Lexus RC-F,1,ZZZ
Lifan 820,1,ZZZ
Linktour K-One,1,ZZZ
Long River eCool,1,ZZZ
Lotus,1,ZZZ
Maxus E-deliver 9,1,ZZZ
Mazda6 Ruiwing,1,ZZZ
Mercedes-Benz 124,1,ZZZ
Mercedes Inturo M,1,ZZZ
Mercedes Marco Polo,1,ZZZ
Mercedes SLC-Class,1,ZZZ
Morgan Plus Six,1,ZZZ
Nissan Evalia,1,ZZZ
Nissan NV 300,1,ZZZ
Nissan Pulsar,1,ZZZ
Peugeot iOn,1,ZZZ
Polaris RZR,1,ZZZ
Porsche unidentified,1,ZZZ
Regal Raptor K5h-s,1,ZZZ
Rolls Royce Panthom,1,ZZZ
Rolls Royce unidentified,1,ZZZ
Rolls Royce Wraith,1,ZZZ
Saab 9-3,1,ZZZ
Segway Snarler,1,ZZZ
Songsan SS Dolphin,1,ZZZ
Soueast V5 Lingzhi,1,ZZZ
Ssangyong Musso,1,Pickup Truck
Standard Motor Corp. 302,1,ZZZ
Standard Motor Corp. Jumbo,1,ZZZ
Suzuki Grand Vitara,1,ZZZ
Suzuki Wagon R,1,ZZZ
Tazzari 27,1,ZZZ
Tesla Roadster,1,ZZZ
Toyota Century,1,ZZZ
Toyota Reiz,1,ZZZ
Ural 5302,1,ZZZ
Ural 55732,1,ZZZ
Ural 5677,1,ZZZ
Venucia R50,1,ZZZ
Volvo S80,1,ZZZ
Volvo V60 CC,1,ZZZ
Weichai Enranger 737,1,ZZZ
Zhidou D2S,1,ZZZ
Zotye Z500,1,ZZZ
Abarth 124 Spider,0,ZZZ
Acura TLX-L,0,ZZZ
Alfa Romeo Mi.To,0,ZZZ
Alpina B3,0,ZZZ
Alpina B4,0,ZZZ
Alpina B4 Biturbo,0,ZZZ
Alpina B7 Biturbo,0,ZZZ
Alpina XD4,0,SUV
Amatør Bil AK Sportscar,0,ZZZ
Amatør Bil GBS Zero,0,ZZZ
Amatør Bil Hotrod,0,ZZZ
Amatør Bil Trysil,0,ZZZ
Amatorbygge,0,ZZZ
Arctic Cat Alterra,0,ZZZ
BAIC EX5,0,ZZZ
Baojun Yuechi (Spark),0,ZZZ
Beijing 007,0,ZZZ
Beijing Hyosow H3,0,ZZZ
Beijing Hyosow H5,0,ZZZ
Beijing Hyosow S2,0,ZZZ
Beijing Hyosow S5,0,ZZZ
Beijing Hyosow S6,0,ZZZ
Beijing Hyosow S7,0,ZZZ
Beijing Knight,0,ZZZ
Beijing Luba,0,ZZZ
Beijing Senova D80,0,ZZZ
Beijing Senova X65,0,ZZZ
Beijing Senova Zhixing,0,ZZZ
Beijing Weiwang 306,0,ZZZ
Beijing Weiwang M20,0,ZZZ
Beijing Weiwang S50,0,ZZZ
Bisu M3,0,ZZZ
Bisu T3,0,SUV
BMW 2 Series Gran Tourer,0,ZZZ
BMW 5 Series GT,0,ZZZ
BMW Alpina B7,0,ZZZ
BMW M6,0,ZZZ
BMW Z3,0,ZZZ
Borgward BX6,0,ZZZ
Brilliance H3,0,ZZZ
Brilliance H330,0,ZZZ
Brilliance Junjie (BS4),0,ZZZ
Brilliance Junjie FSV,0,ZZZ
Brilliance V5,0,ZZZ
Buick Cascada,0,ZZZ
Bus Sprinter,0,ZZZ
BYD G5,0,ZZZ
BYD L3,0,ZZZ
BYD S6,0,ZZZ
Bygg Bil Caterham,0,ZZZ
Bygg Bil GT40,0,ZZZ
Bygg Bil Super Seven,0,ZZZ
Bygg Bil Vortex V2,0,ZZZ
Bygg Bill Roadster,0,ZZZ
Cadillac ATS,0,ZZZ
CF Moto CForce 600,0,ZZZ
Chana Raesor M70,0,ZZZ
Chana Raesor M80,0,ZZZ
Chana Raesor S50T,0,ZZZ
Chana Star 3,0,ZZZ
Changan Benben Love/i,0,ZZZ
Changan CX20,0,ZZZ
Changhe Freedom M70,0,ZZZ
Changhe Q25,0,ZZZ
Chery Arrizo 3,0,ZZZ
Chery Arrizo M7,0,ZZZ
Chery EQ,0,ZZZ
Chery Fulwin 2,0,ZZZ
Chevrolet City Express,0,ZZZ
Chevrolet Lova RV,0,ZZZ
Chevrolet Volt,0,ZZZ
Chrysler 300C,0,ZZZ
Citroen C-Quatre,0,ZZZ
Citroen E-Mehari,0,ZZZ
Cowin V3,0,ZZZ
Daewoo BC 211 MA,0,ZZZ
Daewoo BS 106 A/D,0,ZZZ
Daewoo Matiz,0,ZZZ
Dangel Expert,0,ZZZ
DFSK C Series,0,ZZZ
Divinci Classic,0,ZZZ
Doda V8,0,ZZZ
Dodge Caliber,0,ZZZ
Dodge JCUV,0,ZZZ
Dongfeng E70,0,ZZZ
Dongfeng Fengdu MX6,0,SUV
Dongfeng Fengshen A30,0,ZZZ
Dongfeng Fengshen A9,0,ZZZ
Dongfeng Fengshen AX3,0,ZZZ
Dongfeng Fengshen E30,0,ZZZ
Dongfeng Fengshen H30/S30,0,ZZZ
Dongfeng Fengshen L60,0,ZZZ
Dongfeng Fengxing Jingye X3,0,ZZZ
Dongfeng Fengxing Jingye X7,0,ZZZ
Dongfeng Fengxing M6,0,ZZZ
Dongfeng Xiaokang EC35,0,ZZZ
DR 3,0,SUV
Eagle EG2048HCXR-02,0,ZZZ
Eagle European Business Car,0,ZZZ
Esagono Energi Geco,0,ZZZ
Everus S1,0,ZZZ
FAW Bestune B90,0,ZZZ
FAW Besturn B50,0,ZZZ
FAW Jilin Senia M80,0,ZZZ
FAW Jilin Senia R9,0,ZZZ
FAW Jilin Senia S80,0,ZZZ
FAW Jumpal A50,0,ZZZ
FAW Jumpal A70,0,ZZZ
FAW Jumpal CX65,0,ZZZ
FAW Jumpal D60,0,ZZZ
FAW Jumpal D80,0,ZZZ
FAW Weizhi V5,0,ZZZ
Feishen Mondial,0,ZZZ
Ferrari California,0,ZZZ
Ferrari F12,0,ZZZ
Ferrari GTC4LUSSO T,0,ZZZ
Ferrari La Ferrari,0,ZZZ
Ferrari LaFerrari,0,ZZZ
Ferrari Monza SP2,0,ZZZ
Ferrari Tributo,0,ZZZ
Fiat Bravo,0,ZZZ
Fiat Coupe,0,ZZZ
Fiat Freemont,0,ZZZ
Fiat Ottimo,0,ZZZ
Fiat Punto,0,ZZZ
Fiat Viaggio,0,ZZZ
Fisker Karma,0,ZZZ
Foday Landfort,0,SUV
Ford Crown Victoria,0,ZZZ
Ford E-350,0,ZZZ
Ford Flex,0,ZZZ
Ford Focus ST,0,ZZZ
Ford Ka+,0,ZZZ
Ford Mondeo Zhisheng,0,ZZZ
Foton BJ Series,0,ZZZ
Foton Fengjing V3,0,ZZZ
Foton Fengjing V5,0,ZZZ
Foton Gratour GT,0,ZZZ
Foton Gratour im6,0,ZZZ
Foton Gratour im8,0,ZZZ
Foton View,0,ZZZ
FQT Motor V60,0,ZZZ
GAC Trumpchi GA3S,0,ZZZ
GAC Trumpchi GA5,0,ZZZ
GAC Trumpchi GS5 Super,0,ZZZ
Garia G22,0,ZZZ
Geely EX3,0,ZZZ
Geely Freedom Ship,0,ZZZ
Geely GX7,0,ZZZ
Geely Panda,0,ZZZ
Great Wall Haval M4,0,ZZZ
Haima M6,0,ZZZ
Haima M8,0,ZZZ
Haima S5 Young,0,SUV
Harley Davidson Flhtcutg,0,ZZZ
Haval H1,0,ZZZ
Haval H2s,0,ZZZ
Hawtai (Baolige) B35,0,ZZZ
Hawtai B11,0,ZZZ
Hawtai Lusheng E70,0,ZZZ
Hawtai Lusheng E80,0,ZZZ
Hawtai Santa Fe 7,0,ZZZ
Hawtai Santa Fe Classic,0,ZZZ
Hawtai xEV260,0,ZZZ
Holden Acadia,0,ZZZ
Holden Astra,0,ZZZ
Holden Colorado,0,Pickup Truck
Holden Commodore,0,ZZZ
Holden Equinox,0,ZZZ
Holden Trailblazer,0,ZZZ
Holden Trax,0,ZZZ
Honda Brio Amaze,0,ZZZ
Honda CR-Z,0,ZZZ
Honda Spirior,0,ZZZ
Hsun HS,0,ZZZ
Huyndai H350,0,ZZZ
Hyundai Elantra Langdong,0,ZZZ
Hyundai Elantra Yuedong,0,ZZZ
Hyundai Equus,0,ZZZ
Hyundai H1-Starex,0,ZZZ
Hyundai i40,0,ZZZ
Hyundai iX20,0,ZZZ
Hyundai Sonata 8,0,ZZZ
Indusauto E220D,0,ZZZ
Infiniti ESQ,0,SUV
Infiniti FX,0,ZZZ
Infiniti Q30/QX30,0,ZZZ
Infiniti QX70,0,ZZZ
Isuzu Forward ,0,ZZZ
Isuzu NPS,0,ZZZ
Isuzu Panther,0,ZZZ
Isuzu Panther Pickup,0,ZZZ
Isuzu Simaz,0,ZZZ
JAC Heyue A30,0,ZZZ
Jac HFC Series,0,ZZZ
JAC iEV7L,0,ZZZ
JAC iEVA60,0,ZZZ
JAC IEVS4,0,ZZZ
JAC Jiayue X8,0,ZZZ
JAC N75,0,ZZZ
JAC Refine A60,0,ZZZ
JAC Refine R3,0,ZZZ
JAC Refine S2 mini,0,ZZZ
JAC Refine S5,0,ZZZ
Jaguar XJL,0,ZZZ
Jiayuan JY7222,0,ZZZ
Jinbei 750,0,ZZZ
Jinbei S35,0,ZZZ
JMC Yusheng S330,0,ZZZ
Joylong iFly,0,ZZZ
Kabe TM CX 740 LGB,0,ZZZ
KAMAZ 43118,0,ZZZ
KAMAZ 43120,0,ZZZ
KAMAZ 43121,0,ZZZ
KAMAZ 43122,0,ZZZ
KAMAZ 43123,0,ZZZ
KAMAZ 43253,0,ZZZ
KAMAZ 4326,0,ZZZ
KAMAZ 45141,0,ZZZ
KAMAZ 45143,0,ZZZ
KAMAZ 45144,0,ZZZ
KAMAZ 5308,0,ZZZ
KAMAZ 65111,0,ZZZ
KAMAZ 65115,0,ZZZ
KAMAZ 65116,0,ZZZ
KAMAZ 65117,0,ZZZ
KAMAZ 65806,0,ZZZ
KAMAZ АТЗ-10,0,ZZZ
KAMAZ АТЗ-11,0,ZZZ
KAMAZ АТЗ-15,0,ZZZ
KAMAZ КО 504АМ1 ,0,ZZZ
KAMAZ КО 512АМ1 ,0,ZZZ
KAMAZ КС-45717К-1 ,0,ZZZ
KAMAZ КС-45717К-3,0,ZZZ
KAMAZ КС-55732,0,ZZZ
KAMAZ МВ-10Д,0,ZZZ
Kandi EX3,0,ZZZ
Karry Youyou 2,0,ZZZ
Kawei W1,0,SUV
Kia Carens,0,ZZZ
Kia K4,0,ZZZ
Kia Venga,0,ZZZ
Kia VQ,0,ZZZ
Kymco KKR,0,ZZZ
Lada 4×4 Urban,0,ZZZ
Lada 4×4/Niva,0,ZZZ
Landwind Happy,0,ZZZ
Landwind X2,0,SUV
Landwind X5,0,ZZZ
Landwind X7,0,ZZZ
Landwind X8,0,SUV
Leopaard Feiteng C5,0,ZZZ
Leopaard Kingbox DUV,0,ZZZ
Leopaard Q6,0,ZZZ
Lexus IS300h,0,ZZZ
Lexus LFA,0,ZZZ
Lexus RC F,0,ZZZ
Lifan 330,0,ZZZ
Lifan 620,0,ZZZ
Lifan 720,0,ZZZ
Lifan Lotto,0,ZZZ
Lifan Myway,0,ZZZ
Lifan X80,0,ZZZ
Lifan Xuanlang,0,ZZZ
Lincoln MKT,0,ZZZ
Linhai LH260,0,ZZZ
Link Tour K-ONE,0,ZZZ
Lotus Evora Sport 410,0,ZZZ
Luxgen 3 Sedan,0,ZZZ
Luxgen 7 SUV,0,ZZZ
Lvtong Golf Car,0,ZZZ
Mahindra TUV300,0,ZZZ
Mahindra Verito+Vibe,0,ZZZ
Mahindra Xylo,0,Van
Maruti Gypsy,0,ZZZ
Maserati Gran Cabrio,0,ZZZ
Maserati Gran Turismo,0,ZZZ
Maserati GranSport,0,ZZZ
Maserati Granturismo,0,ZZZ
Maxus V90,0,ZZZ
Maxus Van,0,ZZZ
McLaren 540C,0,ZZZ
McLaren 625C,0,ZZZ
McLaren 650S,0,ZZZ
Mercedes AMG C,0,ZZZ
Mercedes AMG CLS,0,ZZZ
Mercedes AMG E,0,ZZZ
Mercedes AMG G,0,ZZZ
Mercedes AMG GL-Class,0,ZZZ
Mercedes AMG GLS,0,ZZZ
Mercedes AMG GT C,0,ZZZ
Mercedes AMG GT S,0,ZZZ
Mercedes GL,0,ZZZ
Mercedes GL-Class,0,ZZZ
Mercedes GLK,0,ZZZ
Mercedes M-Class,0,ZZZ
Mercedes SLK,0,ZZZ
Mercedes SLK-Class,0,ZZZ
Mercedes SLS AMG,0,ZZZ
Mercedes Tourismo,0,ZZZ
Mercedes Viano,0,ZZZ
Mercus Sprinter,0,ZZZ
MG 3,0,ZZZ
MG 3SW,0,ZZZ
Mini Paceman (e),0,ZZZ
Mitsubishi Galant,0,ZZZ
Mitsubishi Lancer,0,ZZZ
Mitsubishi Montero,0,ZZZ
Mitsubishi Zinger,0,ZZZ
Morgan Classics,0,ZZZ
Morgan Roadster,0,ZZZ
Navya Shuttle,0,ZZZ
Nissan NV2500,0,Van
Nissan Paladin,0,ZZZ
Nissan Versa Note,0,ZZZ
Opel Adam,0,ZZZ
ORA iQ,0,SUV
ORA R1,0,ZZZ
Peugeot 107,0,ZZZ
Peugeot 207cc,0,ZZZ
Peugeot 308S,0,ZZZ
Polaris Scrambler,0,ZZZ
Polaris Sportsman,0,ZZZ
Qoros 3 GT,0,ZZZ
Qoros 3 SUV,0,ZZZ
Ram Cargo Van,0,ZZZ
Red Star Shining X2,0,ZZZ
Renault Latitude,0,ZZZ
Roewe 950,0,ZZZ
Roewe E50,0,ZZZ
Samsung SM3,0,ZZZ
Sokon S513,0,ZZZ
Soueast V3 Lingyue,0,ZZZ
Soueast V6 Lingshi,0,ZZZ
SsangYong,0,ZZZ
SsangYong Musso,0,Pickup Truck
Ssangyong Rexton II,0,ZZZ
Ssangyong Rexton W,0,ZZZ
Ssangyong Tivoli XLV,0,ZZZ
Subaru Dias Wagon,0,ZZZ
Subaru R2,0,ZZZ
Subaru WRX STI,0,ZZZ
SUDA SA01,0,ZZZ
Suzuki Liana,0,ZZZ
Suzuki Liana A6,0,ZZZ
SWM X3,0,SUV
Tata Bolt,0,ZZZ
Tata Hexa,0,ZZZ
Tata Iris,0,ZZZ
Tata Zest,0,ZZZ
TechArt T7,0,ZZZ
Toyota Auris,0,ZZZ
Toyota Avensis,0,ZZZ
Toyota Corolla EX,0,ZZZ
Toyota iQ,0,ZZZ
Toyota Previa,0,Van
Traum MEET5,0,ZZZ
Traum S70,0,ZZZ
Traum SEEK 5,0,ZZZ
UAZ,0,ZZZ
UAZ Hunter,0,ZZZ
Venucia D50,0,ZZZ
Venucia M50V,0,ZZZ
Volvo V70,0,ZZZ
VW Ameo,0,ZZZ
VW Gran Lavida,0,ZZZ
VW Polo Jinqu/Jinqing,0,ZZZ
VW Scirocco,0,ZZZ
Weichai Enranger EX1 EV,0,ZZZ
Weichai Enranger G3,0,ZZZ
Weichai Enranger G5,0,ZZZ
WEY P8,0,ZZZ
Yema F99,0,ZZZ
Yutong 6938HB9,0,ZZZ
Zhi Dou D1 EV,0,ZZZ
Zhongtong LCK6860HGN,0,ZZZ
Zinoro 60H,0,ZZZ
Zotye Cloud 100EV,0,ZZZ
Zotye T600,0,SUV
Zotye T800,0,ZZZ
Zotye Z100,0,ZZZ
Zotye Z360,0,ZZZ
Zotye Z560,0,ZZZ
МАZ 6501H9,0,ZZZ
